name,v_nom,type,x,y,carrier,unit,location,v_mag_pu_set,v_mag_pu_min,v_mag_pu_max,control,generator,sub_network
AESHaripur_230kV,230.0,,0.0,0.0,AC,,,1.0,0.0,inf,PQ,,
AKSML_132kV,132.0,,0.0,0.0,AC,,,1.0,0.0,inf,PQ,,
AKSPL_230kV,230.0,,0.0,0.0,AC,,,1.0,0.0,inf,PQ,,
Aftabnagar_132kV,132.0,,0.0,0.0,AC,,,1.0,0.0,inf,PQ,,
Agargaon_132kV,132.0,,0.0,0.0,AC,,,1.0,0.0,inf,PQ,,
Agargaon_230kV,230.0,,0.0,0.0,AC,,,1.0,0.0,inf,PQ,,
Agrabad_132kV,132.0,,0.0,0.0,AC,,,1.0,0.0,inf,PQ,,
Aminbazar_132kV,132.0,,0.0,0.0,AC,,,1.0,0.0,inf,PQ,,
Aminbazar_230kV,230.0,,0.0,0.0,AC,,,1.0,0.0,inf,PQ,,
Aminbazar_400kV,400.0,,0.0,0.0,AC,,,1.0,0.0,inf,PQ,,
Amnura_132kV,132.0,,0.0,0.0,AC,,,1.0,0.0,inf,PQ,,
Amtali_400kV,400.0,,0.0,0.0,AC,,,1.0,0.0,inf,PQ,,
Anwara_230kV,230.0,,0.0,0.0,AC,,,1.0,0.0,inf,PQ,,
Araihazar_132kV,132.0,,0.0,0.0,AC,,,1.0,0.0,inf,PQ,,
AshuganjNorth_400kV,400.0,,0.0,0.0,AC,,,1.0,0.0,inf,PQ,,
Ashuganj_132kV,132.0,,0.0,0.0,AC,,,1.0,0.0,inf,PQ,,
Ashuganj_230kV,230.0,,0.0,0.0,AC,,,1.0,0.0,inf,PQ,,
BIPTC1_400kV_DC,400.0,,0.0,0.0,AC,,,1.0,0.0,inf,PQ,,
BIPTC2_400kV_DC,400.0,,0.0,0.0,AC,,,1.0,0.0,inf,PQ,,
BSRM_230kV,230.0,,0.0,0.0,AC,,,1.0,0.0,inf,PQ,,
Bagerhat_132kV,132.0,,0.0,0.0,AC,,,1.0,0.0,inf,PQ,,
Baghabari_132kV,132.0,,0.0,0.0,AC,,,1.0,0.0,inf,PQ,,
Baghabari_230kV,230.0,,0.0,0.0,AC,,,1.0,0.0,inf,PQ,,
Bajitpur_132kV,132.0,,0.0,0.0,AC,,,1.0,0.0,inf,PQ,,
Bakerganj_132kV,132.0,,0.0,0.0,AC,,,1.0,0.0,inf,PQ,,
Bakulia_132kV,132.0,,0.0,0.0,AC,,,1.0,0.0,inf,PQ,,
Banani_132kV,132.0,,0.0,0.0,AC,,,1.0,0.0,inf,PQ,,
Bangabhaban_132kV,132.0,,0.0,0.0,AC,,,1.0,0.0,inf,PQ,,
Bangladesh Border_400kV,400.0,,0.0,0.0,AC,,,1.0,0.0,inf,PQ,,
BangladeshBorder1_400kV_DC,400.0,,0.0,0.0,AC,,,1.0,0.0,inf,PQ,,
BangladeshBorder2_400kV_DC,400.0,,0.0,0.0,AC,,,1.0,0.0,inf,PQ,,
Banskhali_400kV,400.0,,0.0,0.0,AC,,,1.0,0.0,inf,PQ,,
Barapukuria_132kV,132.0,,0.0,0.0,AC,,,1.0,0.0,inf,PQ,,
Barapukuria_230kV,230.0,,0.0,0.0,AC,,,1.0,0.0,inf,PQ,,
BargunaPP_400kV,400.0,,0.0,0.0,AC,,,1.0,0.0,inf,PQ,,
Barguna_132kV,132.0,,0.0,0.0,AC,,,1.0,0.0,inf,PQ,,
BarishalNorth_132kV,132.0,,0.0,0.0,AC,,,1.0,0.0,inf,PQ,,
BarishalNorth_230kV,230.0,,0.0,0.0,AC,,,1.0,0.0,inf,PQ,,
Barishal_132kV,132.0,,0.0,0.0,AC,,,1.0,0.0,inf,PQ,,
BarmiPP_132kV,132.0,,0.0,0.0,AC,,,1.0,0.0,inf,PQ,,
Baroaulia_132kV,132.0,,0.0,0.0,AC,,,1.0,0.0,inf,PQ,,
Baroirhat_132kV,132.0,,0.0,0.0,AC,,,1.0,0.0,inf,PQ,,
Bashundhara_132kV,132.0,,0.0,0.0,AC,,,1.0,0.0,inf,PQ,,
Beanibazar_132kV,132.0,,0.0,0.0,AC,,,1.0,0.0,inf,PQ,,
Benapole_132kV,132.0,,0.0,0.0,AC,,,1.0,0.0,inf,PQ,,
BeraPP_132kV,132.0,,0.0,0.0,AC,,,1.0,0.0,inf,PQ,,
Bhaluka_132kV,132.0,,0.0,0.0,AC,,,1.0,0.0,inf,PQ,,
Bhandaria_132kV,132.0,,0.0,0.0,AC,,,1.0,0.0,inf,PQ,,
Bhangura_132kV,132.0,,0.0,0.0,AC,,,1.0,0.0,inf,PQ,,
BheramaraHVDC_230kV,230.0,,0.0,0.0,AC,,,1.0,0.0,inf,PQ,,
Bheramara_132kV,132.0,,0.0,0.0,AC,,,1.0,0.0,inf,PQ,,
Bheramara_230kV,230.0,,0.0,0.0,AC,,,1.0,0.0,inf,PQ,,
Bhulta_132kV,132.0,,0.0,0.0,AC,,,1.0,0.0,inf,PQ,,
Bhulta_230kV,230.0,,0.0,0.0,AC,,,1.0,0.0,inf,PQ,,
Bhulta_400kV,400.0,,0.0,0.0,AC,,,1.0,0.0,inf,PQ,,
Bibiyana_230kV,230.0,,0.0,0.0,AC,,,1.0,0.0,inf,PQ,,
Bibiyana_400kV,400.0,,0.0,0.0,AC,,,1.0,0.0,inf,PQ,,
BoguraSouth_132kV,132.0,,0.0,0.0,AC,,,1.0,0.0,inf,PQ,,
BoguraSouth_230kV,230.0,,0.0,0.0,AC,,,1.0,0.0,inf,PQ,,
BoguraWest_230kV,230.0,,0.0,0.0,AC,,,1.0,0.0,inf,PQ,,
BoguraWest_400kV,400.0,,0.0,0.0,AC,,,1.0,0.0,inf,PQ,,
Bogura_132kV,132.0,,0.0,0.0,AC,,,1.0,0.0,inf,PQ,,
Bogura_400kV,400.0,,0.0,0.0,AC,,,1.0,0.0,inf,PQ,,
Borhanuddin_230kV,230.0,,0.0,0.0,AC,,,1.0,0.0,inf,PQ,,
Brahmanbaria_132kV,132.0,,0.0,0.0,AC,,,1.0,0.0,inf,PQ,,
Cantonment_132kV,132.0,,0.0,0.0,AC,,,1.0,0.0,inf,PQ,,
Chandina_132kV,132.0,,0.0,0.0,AC,,,1.0,0.0,inf,PQ,,
Chandpur_132kV,132.0,,0.0,0.0,AC,,,1.0,0.0,inf,PQ,,
Chandraghona_132kV,132.0,,0.0,0.0,AC,,,1.0,0.0,inf,PQ,,
ChapaiNawabganj_132kV,132.0,,0.0,0.0,AC,,,1.0,0.0,inf,PQ,,
CharSaidpur_132kV,132.0,,0.0,0.0,AC,,,1.0,0.0,inf,PQ,,
Chauddagram_132kV,132.0,,0.0,0.0,AC,,,1.0,0.0,inf,PQ,,
Chhatak_132kV,132.0,,0.0,0.0,AC,,,1.0,0.0,inf,PQ,,
Chowdala_132kV,132.0,,0.0,0.0,AC,,,1.0,0.0,inf,PQ,,
Chowmuhani_132kV,132.0,,0.0,0.0,AC,,,1.0,0.0,inf,PQ,,
Chowmuhani_230kV,230.0,,0.0,0.0,AC,,,1.0,0.0,inf,PQ,,
Chuadanga_132kV,132.0,,0.0,0.0,AC,,,1.0,0.0,inf,PQ,,
ConfidencePP_132kV,132.0,,0.0,0.0,AC,,,1.0,0.0,inf,PQ,,
Cox's Bazar_132kV,132.0,,0.0,0.0,AC,,,1.0,0.0,inf,PQ,,
Cox'sBazar_132kV,132.0,,0.0,0.0,AC,,,1.0,0.0,inf,PQ,,
CumillaNorth_132kV,132.0,,0.0,0.0,AC,,,1.0,0.0,inf,PQ,,
CumillaNorth_230kV,230.0,,0.0,0.0,AC,,,1.0,0.0,inf,PQ,,
CumillaNorth_400kV,400.0,,0.0,0.0,AC,,,1.0,0.0,inf,PQ,,
CumillaSouth_132kV,132.0,,0.0,0.0,AC,,,1.0,0.0,inf,PQ,,
Daganbhuiyan_132kV,132.0,,0.0,0.0,AC,,,1.0,0.0,inf,PQ,,
DaudkandiPP_132kV,132.0,,0.0,0.0,AC,,,1.0,0.0,inf,PQ,,
Daudkandi_132kV,132.0,,0.0,0.0,AC,,,1.0,0.0,inf,PQ,,
DeshPP_132kV,132.0,,0.0,0.0,AC,,,1.0,0.0,inf,PQ,,
DhakaUniversity_132kV,132.0,,0.0,0.0,AC,,,1.0,0.0,inf,PQ,,
Dhamrai_132kV,132.0,,0.0,0.0,AC,,,1.0,0.0,inf,PQ,,
Dhanmondi_132kV,132.0,,0.0,0.0,AC,,,1.0,0.0,inf,PQ,,
Dohazari_132kV,132.0,,0.0,0.0,AC,,,1.0,0.0,inf,PQ,,
DynamicSunSolarPP_132kV,132.0,,0.0,0.0,AC,,,1.0,0.0,inf,PQ,,
Energon_132kV,132.0,,0.0,0.0,AC,,,1.0,0.0,inf,PQ,,
FaridpurPP_132kV,132.0,,0.0,0.0,AC,,,1.0,0.0,inf,PQ,,
Faridpur_132kV,132.0,,0.0,0.0,AC,,,1.0,0.0,inf,PQ,,
Faridpur_230kV,230.0,,0.0,0.0,AC,,,1.0,0.0,inf,PQ,,
Fatullah_132kV,132.0,,0.0,0.0,AC,,,1.0,0.0,inf,PQ,,
FenchuganjPS_132kV,132.0,,0.0,0.0,AC,,,1.0,0.0,inf,PQ,,
Fenchuganj_132kV,132.0,,0.0,0.0,AC,,,1.0,0.0,inf,PQ,,
Fenchuganj_230kV,230.0,,0.0,0.0,AC,,,1.0,0.0,inf,PQ,,
FeniNorth_132kV,132.0,,0.0,0.0,AC,,,1.0,0.0,inf,PQ,,
FeniNorth_230kV,230.0,,0.0,0.0,AC,,,1.0,0.0,inf,PQ,,
Feni_132kV,132.0,,0.0,0.0,AC,,,1.0,0.0,inf,PQ,,
GPH_230kV,230.0,,0.0,0.0,AC,,,1.0,0.0,inf,PQ,,
Gallamari_132kV,132.0,,0.0,0.0,AC,,,1.0,0.0,inf,PQ,,
Gazaria_230kV,230.0,,0.0,0.0,AC,,,1.0,0.0,inf,PQ,,
Ghatail_132kV,132.0,,0.0,0.0,AC,,,1.0,0.0,inf,PQ,,
GhorashalSouthWest_230kV,230.0,,0.0,0.0,AC,,,1.0,0.0,inf,PQ,,
Ghorashal_132kV,132.0,,0.0,0.0,AC,,,1.0,0.0,inf,PQ,,
Ghorashal_230kV,230.0,,0.0,0.0,AC,,,1.0,0.0,inf,PQ,,
Goalpara_132kV,132.0,,0.0,0.0,AC,,,1.0,0.0,inf,PQ,,
GopalganjNorth_132kV,132.0,,0.0,0.0,AC,,,1.0,0.0,inf,PQ,,
GopalganjNorth_230kV,230.0,,0.0,0.0,AC,,,1.0,0.0,inf,PQ,,
GopalganjNorth_400kV,400.0,,0.0,0.0,AC,,,1.0,0.0,inf,PQ,,
GopalganjPP_132kV,132.0,,0.0,0.0,AC,,,1.0,0.0,inf,PQ,,
Gopalganj_132kV,132.0,,0.0,0.0,AC,,,1.0,0.0,inf,PQ,,
Gulshan_132kV,132.0,,0.0,0.0,AC,,,1.0,0.0,inf,PQ,,
Halishahar_132kV,132.0,,0.0,0.0,AC,,,1.0,0.0,inf,PQ,,
Haripur_132kV,132.0,,0.0,0.0,AC,,,1.0,0.0,inf,PQ,,
Haripur_230kV,230.0,,0.0,0.0,AC,,,1.0,0.0,inf,PQ,,
Hasnabad_132kV,132.0,,0.0,0.0,AC,,,1.0,0.0,inf,PQ,,
Hasnabad_230kV,230.0,,0.0,0.0,AC,,,1.0,0.0,inf,PQ,,
Hathazari_132kV,132.0,,0.0,0.0,AC,,,1.0,0.0,inf,PQ,,
Hathazari_230kV,230.0,,0.0,0.0,AC,,,1.0,0.0,inf,PQ,,
Ishwardi_132kV,132.0,,0.0,0.0,AC,,,1.0,0.0,inf,PQ,,
Ishwardi_230kV,230.0,,0.0,0.0,AC,,,1.0,0.0,inf,PQ,,
Jaldhaka_132kV,132.0,,0.0,0.0,AC,,,1.0,0.0,inf,PQ,,
Jamalpur_132kV,132.0,,0.0,0.0,AC,,,1.0,0.0,inf,PQ,,
Jashore_132kV,132.0,,0.0,0.0,AC,,,1.0,0.0,inf,PQ,,
JhenaidahSouth_132kV,132.0,,0.0,0.0,AC,,,1.0,0.0,inf,PQ,,
JhenaidahSouth_230kV,230.0,,0.0,0.0,AC,,,1.0,0.0,inf,PQ,,
Jhenaidah_132kV,132.0,,0.0,0.0,AC,,,1.0,0.0,inf,PQ,,
Joydebpur_132kV,132.0,,0.0,0.0,AC,,,1.0,0.0,inf,PQ,,
Joypurhat_132kV,132.0,,0.0,0.0,AC,,,1.0,0.0,inf,PQ,,
Juldah_132kV,132.0,,0.0,0.0,AC,,,1.0,0.0,inf,PQ,,
Kabir Steel_132kV,132.0,,0.0,0.0,AC,,,1.0,0.0,inf,PQ,,
Kabirpur_132kV,132.0,,0.0,0.0,AC,,,1.0,0.0,inf,PQ,,
Kachua_132kV,132.0,,0.0,0.0,AC,,,1.0,0.0,inf,PQ,,
Kachua_230kV,230.0,,0.0,0.0,AC,,,1.0,0.0,inf,PQ,,
Kaliakoir_132kV,132.0,,0.0,0.0,AC,,,1.0,0.0,inf,PQ,,
Kaliakoir_230kV,230.0,,0.0,0.0,AC,,,1.0,0.0,inf,PQ,,
Kaliakoir_400kV,400.0,,0.0,0.0,AC,,,1.0,0.0,inf,PQ,,
Kaliganj_132kV,132.0,,0.0,0.0,AC,,,1.0,0.0,inf,PQ,,
Kallayanpur_132kV,132.0,,0.0,0.0,AC,,,1.0,0.0,inf,PQ,,
Kalurghat_132kV,132.0,,0.0,0.0,AC,,,1.0,0.0,inf,PQ,,
Kamrangirchar_132kV,132.0,,0.0,0.0,AC,,,1.0,0.0,inf,PQ,,
Kaptai_132kV,132.0,,0.0,0.0,AC,,,1.0,0.0,inf,PQ,,
Kazla_132kV,132.0,,0.0,0.0,AC,,,1.0,0.0,inf,PQ,,
Keraniganj_132kV,132.0,,0.0,0.0,AC,,,1.0,0.0,inf,PQ,,
Keraniganj_132kVt,132.0,,0.0,0.0,AC,,,1.0,0.0,inf,PQ,,
Keraniganj_230kV,230.0,,0.0,0.0,AC,,,1.0,0.0,inf,PQ,,
Khagrachari_132kV,132.0,,0.0,0.0,AC,,,1.0,0.0,inf,PQ,,
Khulna330MW_230kV,230.0,,0.0,0.0,AC,,,1.0,0.0,inf,PQ,,
KhulnaCentral_132kV,132.0,,0.0,0.0,AC,,,1.0,0.0,inf,PQ,,
KhulnaSouth_132kV,132.0,,0.0,0.0,AC,,,1.0,0.0,inf,PQ,,
KhulnaSouth_230kV,230.0,,0.0,0.0,AC,,,1.0,0.0,inf,PQ,,
Khulshi_132kV,132.0,,0.0,0.0,AC,,,1.0,0.0,inf,PQ,,
Kishoreganj_132kV,132.0,,0.0,0.0,AC,,,1.0,0.0,inf,PQ,,
Kodda_132kV,132.0,,0.0,0.0,AC,,,1.0,0.0,inf,PQ,,
Korerhat_230kV,230.0,,0.0,0.0,AC,,,1.0,0.0,inf,PQ,,
Korerhat_400kV,400.0,,0.0,0.0,AC,,,1.0,0.0,inf,PQ,,
Kosba_132kV,132.0,,0.0,0.0,AC,,,1.0,0.0,inf,PQ,,
Kulaura_132kV,132.0,,0.0,0.0,AC,,,1.0,0.0,inf,PQ,,
Kurigram_132kV,132.0,,0.0,0.0,AC,,,1.0,0.0,inf,PQ,,
Kushtia_132kV,132.0,,0.0,0.0,AC,,,1.0,0.0,inf,PQ,,
LabancharaPP_132kV,132.0,,0.0,0.0,AC,,,1.0,0.0,inf,PQ,,
Laksham_132kV,132.0,,0.0,0.0,AC,,,1.0,0.0,inf,PQ,,
Lakshmipur_132kV,132.0,,0.0,0.0,AC,,,1.0,0.0,inf,PQ,,
Lalbagh_132kV,132.0,,0.0,0.0,AC,,,1.0,0.0,inf,PQ,,
Lalmonirhat_132kV,132.0,,0.0,0.0,AC,,,1.0,0.0,inf,PQ,,
MSML_132kV,132.0,,0.0,0.0,AC,,,1.0,0.0,inf,PQ,,
Madanganj_132kV,132.0,,0.0,0.0,AC,,,1.0,0.0,inf,PQ,,
Madaripur_132kV,132.0,,0.0,0.0,AC,,,1.0,0.0,inf,PQ,,
Madartek_132kV,132.0,,0.0,0.0,AC,,,1.0,0.0,inf,PQ,,
MadhumatiPP_132kV,132.0,,0.0,0.0,AC,,,1.0,0.0,inf,PQ,,
Madunaghat_132kV,132.0,,0.0,0.0,AC,,,1.0,0.0,inf,PQ,,
Madunaghat_400kV,400.0,,0.0,0.0,AC,,,1.0,0.0,inf,PQ,,
Madunaght_230kV,230.0,,0.0,0.0,AC,,,1.0,0.0,inf,PQ,,
Madunaght_230kVt,230.0,,0.0,0.0,AC,,,1.0,0.0,inf,PQ,,
Magura_132kV,132.0,,0.0,0.0,AC,,,1.0,0.0,inf,PQ,,
Mahasthangarh_132kV,132.0,,0.0,0.0,AC,,,1.0,0.0,inf,PQ,,
Maheshpur_132kV,132.0,,0.0,0.0,AC,,,1.0,0.0,inf,PQ,,
Maijdee_230kV,230.0,,0.0,0.0,AC,,,1.0,0.0,inf,PQ,,
Manikganj_132kV,132.0,,0.0,0.0,AC,,,1.0,0.0,inf,PQ,,
Maniknagar_132kV,132.0,,0.0,0.0,AC,,,1.0,0.0,inf,PQ,,
Maniknagar_230kV,230.0,,0.0,0.0,AC,,,1.0,0.0,inf,PQ,,
MatarbariTConnection_132kV,132.0,,0.0,0.0,AC,,,1.0,0.0,inf,PQ,,
Matarbari_132kV,132.0,,0.0,0.0,AC,,,1.0,0.0,inf,PQ,,
Matarbari_400kV,400.0,,0.0,0.0,AC,,,1.0,0.0,inf,PQ,,
Matuail_132kV,132.0,,0.0,0.0,AC,,,1.0,0.0,inf,PQ,,
MeghnaghatRentalPP_132kV,132.0,,0.0,0.0,AC,,,1.0,0.0,inf,PQ,,
Meghnaghat_230kV,230.0,,0.0,0.0,AC,,,1.0,0.0,inf,PQ,,
Meghnaghat_400kV,400.0,,0.0,0.0,AC,,,1.0,0.0,inf,PQ,,
Mirpur_132kV,132.0,,0.0,0.0,AC,,,1.0,0.0,inf,PQ,,
Mirsarai_230kV,230.0,,0.0,0.0,AC,,,1.0,0.0,inf,PQ,,
Mirzapur_132kV,132.0,,0.0,0.0,AC,,,1.0,0.0,inf,PQ,,
Mithapukur_132kV,132.0,,0.0,0.0,AC,,,1.0,0.0,inf,PQ,,
Moghbazar_132kV,132.0,,0.0,0.0,AC,,,1.0,0.0,inf,PQ,,
Monakosa_400kV,400.0,,0.0,0.0,AC,,,1.0,0.0,inf,PQ,,
Mongla_132kV,132.0,,0.0,0.0,AC,,,1.0,0.0,inf,PQ,,
Motijheel_132kV,132.0,,0.0,0.0,AC,,,1.0,0.0,inf,PQ,,
Mukhtagacha_132kV,132.0,,0.0,0.0,AC,,,1.0,0.0,inf,PQ,,
Munshiganj_132kV,132.0,,0.0,0.0,AC,,,1.0,0.0,inf,PQ,,
Muradnagar_132kV,132.0,,0.0,0.0,AC,,,1.0,0.0,inf,PQ,,
Mymensingh_132kV,132.0,,0.0,0.0,AC,,,1.0,0.0,inf,PQ,,
Naogaon_132kV,132.0,,0.0,0.0,AC,,,1.0,0.0,inf,PQ,,
Narail_132kV,132.0,,0.0,0.0,AC,,,1.0,0.0,inf,PQ,,
Narinda_132kV,132.0,,0.0,0.0,AC,,,1.0,0.0,inf,PQ,,
Narsingdi_132kV,132.0,,0.0,0.0,AC,,,1.0,0.0,inf,PQ,,
Natore_132kV,132.0,,0.0,0.0,AC,,,1.0,0.0,inf,PQ,,
Nawabganj_132kV,132.0,,0.0,0.0,AC,,,1.0,0.0,inf,PQ,,
Netrokona_132kV,132.0,,0.0,0.0,AC,,,1.0,0.0,inf,PQ,,
NewTongi_132kV,132.0,,0.0,0.0,AC,,,1.0,0.0,inf,PQ,,
Niamatpur_132kV,132.0,,0.0,0.0,AC,,,1.0,0.0,inf,PQ,,
NoaparaPP_132kV,132.0,,0.0,0.0,AC,,,1.0,0.0,inf,PQ,,
Noapara_132kV,132.0,,0.0,0.0,AC,,,1.0,0.0,inf,PQ,,
PHP_132kV,132.0,,0.0,0.0,AC,,,1.0,0.0,inf,PQ,,
Pabna64MWSolarPP_132kV,132.0,,0.0,0.0,AC,,,1.0,0.0,inf,PQ,,
Pabna_132kV,132.0,,0.0,0.0,AC,,,1.0,0.0,inf,PQ,,
Palashbari_132kV,132.0,,0.0,0.0,AC,,,1.0,0.0,inf,PQ,,
Panchagarh_132kV,132.0,,0.0,0.0,AC,,,1.0,0.0,inf,PQ,,
Patiya_132kV,132.0,,0.0,0.0,AC,,,1.0,0.0,inf,PQ,,
Patuakhali_132kV,132.0,,0.0,0.0,AC,,,1.0,0.0,inf,PQ,,
Patuakhali_230kV,230.0,,0.0,0.0,AC,,,1.0,0.0,inf,PQ,,
PayraPP_400kV,400.0,,0.0,0.0,AC,,,1.0,0.0,inf,PQ,,
Payra_230kV,230.0,,0.0,0.0,AC,,,1.0,0.0,inf,PQ,,
Payra_400kV,400.0,,0.0,0.0,AC,,,1.0,0.0,inf,PQ,,
Postagola_132kV,132.0,,0.0,0.0,AC,,,1.0,0.0,inf,PQ,,
Pubail_132kV,132.0,,0.0,0.0,AC,,,1.0,0.0,inf,PQ,,
Purbachal_132kV,132.0,,0.0,0.0,AC,,,1.0,0.0,inf,PQ,,
Purbasadipur_132kV,132.0,,0.0,0.0,AC,,,1.0,0.0,inf,PQ,,
Purbasadipur_230kV,230.0,,0.0,0.0,AC,,,1.0,0.0,inf,PQ,,
RNPL_400kV,400.0,,0.0,0.0,AC,,,1.0,0.0,inf,PQ,,
RNPP_230kV,230.0,,0.0,0.0,AC,,,1.0,0.0,inf,PQ,,
RNPP_400kV,400.0,,0.0,0.0,AC,,,1.0,0.0,inf,PQ,,
RPCLPP_132kV,132.0,,0.0,0.0,AC,,,1.0,0.0,inf,PQ,,
Rahanpur_132kV,132.0,,0.0,0.0,AC,,,1.0,0.0,inf,PQ,,
Rahanpur_400kV,400.0,,0.0,0.0,AC,,,1.0,0.0,inf,PQ,,
Rajbari_132kV,132.0,,0.0,0.0,AC,,,1.0,0.0,inf,PQ,,
Rajendrapur_132kV,132.0,,0.0,0.0,AC,,,1.0,0.0,inf,PQ,,
RajshahiNorth_132kV,132.0,,0.0,0.0,AC,,,1.0,0.0,inf,PQ,,
RajshahiNorth_230kV,230.0,,0.0,0.0,AC,,,1.0,0.0,inf,PQ,,
Rajshahi_132kV,132.0,,0.0,0.0,AC,,,1.0,0.0,inf,PQ,,
Ramganj_132kV,132.0,,0.0,0.0,AC,,,1.0,0.0,inf,PQ,,
Rampal_230kV,230.0,,0.0,0.0,AC,,,1.0,0.0,inf,PQ,,
Rampal_400kV,400.0,,0.0,0.0,AC,,,1.0,0.0,inf,PQ,,
Rampur_132kV,132.0,,0.0,0.0,AC,,,1.0,0.0,inf,PQ,,
Rampura_132kV,132.0,,0.0,0.0,AC,,,1.0,0.0,inf,PQ,,
Rampura_230kV,230.0,,0.0,0.0,AC,,,1.0,0.0,inf,PQ,,
Rangamati_132kV,132.0,,0.0,0.0,AC,,,1.0,0.0,inf,PQ,,
Rangpur_132kV,132.0,,0.0,0.0,AC,,,1.0,0.0,inf,PQ,,
Raozan_230kV,230.0,,0.0,0.0,AC,,,1.0,0.0,inf,PQ,,
Rooppur_132kV,132.0,,0.0,0.0,AC,,,1.0,0.0,inf,PQ,,
Saidpur_132kV,132.0,,0.0,0.0,AC,,,1.0,0.0,inf,PQ,,
Sathia_132kV,132.0,,0.0,0.0,AC,,,1.0,0.0,inf,PQ,,
Satkhira_132kV,132.0,,0.0,0.0,AC,,,1.0,0.0,inf,PQ,,
Satmasjid_132kV,132.0,,0.0,0.0,AC,,,1.0,0.0,inf,PQ,,
Savar_132kV,132.0,,0.0,0.0,AC,,,1.0,0.0,inf,PQ,,
Shahjadpur_132kV,132.0,,0.0,0.0,AC,,,1.0,0.0,inf,PQ,,
Shahjibazar_132kV,132.0,,0.0,0.0,AC,,,1.0,0.0,inf,PQ,,
Shahjibazar_230kV,230.0,,0.0,0.0,AC,,,1.0,0.0,inf,PQ,,
Shahmirpur_132kV,132.0,,0.0,0.0,AC,,,1.0,0.0,inf,PQ,,
Shariatpur_132kV,132.0,,0.0,0.0,AC,,,1.0,0.0,inf,PQ,,
Sherpur(B)_132kV,132.0,,0.0,0.0,AC,,,1.0,0.0,inf,PQ,,
Sherpur_132kV,132.0,,0.0,0.0,AC,,,1.0,0.0,inf,PQ,,
Sholoshahar_132kV,132.0,,0.0,0.0,AC,,,1.0,0.0,inf,PQ,,
Shyampur_132kV,132.0,,0.0,0.0,AC,,,1.0,0.0,inf,PQ,,
Shyampur_230kV,230.0,,0.0,0.0,AC,,,1.0,0.0,inf,PQ,,
SiddhirganjDeshEnergyPP_132kV,132.0,,0.0,0.0,AC,,,1.0,0.0,inf,PQ,,
SiddhirganjDutchBanglaPP_132kV,132.0,,0.0,0.0,AC,,,1.0,0.0,inf,PQ,,
Siddhirganj_132kV,132.0,,0.0,0.0,AC,,,1.0,0.0,inf,PQ,,
Siddhirganj_230kV,230.0,,0.0,0.0,AC,,,1.0,0.0,inf,PQ,,
Sikalbaha_132kV,132.0,,0.0,0.0,AC,,,1.0,0.0,inf,PQ,,
Sikalbaha_230kV,230.0,,0.0,0.0,AC,,,1.0,0.0,inf,PQ,,
Sirajganj68MWSolar_132kV,132.0,,0.0,0.0,AC,,,1.0,0.0,inf,PQ,,
SirajganjSouthWest_230kV,230.0,,0.0,0.0,AC,,,1.0,0.0,inf,PQ,,
Sirajganj_132kV,132.0,,0.0,0.0,AC,,,1.0,0.0,inf,PQ,,
Sitalakhya_132kV,132.0,,0.0,0.0,AC,,,1.0,0.0,inf,PQ,,
Sonagazi_230kV,230.0,,0.0,0.0,AC,,,1.0,0.0,inf,PQ,,
Sonargaon_132kV,132.0,,0.0,0.0,AC,,,1.0,0.0,inf,PQ,,
Srimangal_132kV,132.0,,0.0,0.0,AC,,,1.0,0.0,inf,PQ,,
Srinagar_132kV,132.0,,0.0,0.0,AC,,,1.0,0.0,inf,PQ,,
Sripur_132kV,132.0,,0.0,0.0,AC,,,1.0,0.0,inf,PQ,,
Sripur_230kV,230.0,,0.0,0.0,AC,,,1.0,0.0,inf,PQ,,
Sunamganj_132kV,132.0,,0.0,0.0,AC,,,1.0,0.0,inf,PQ,,
SylhetSouth_132kV,132.0,,0.0,0.0,AC,,,1.0,0.0,inf,PQ,,
Sylhet_132kV,132.0,,0.0,0.0,AC,,,1.0,0.0,inf,PQ,,
TKCCL_132kV,132.0,,0.0,0.0,AC,,,1.0,0.0,inf,PQ,,
Tangail_132kV,132.0,,0.0,0.0,AC,,,1.0,0.0,inf,PQ,,
Taraganj_132kV,132.0,,0.0,0.0,AC,,,1.0,0.0,inf,PQ,,
TeestaSolar_132kV,132.0,,0.0,0.0,AC,,,1.0,0.0,inf,PQ,,
Thakurgaon_132kV,132.0,,0.0,0.0,AC,,,1.0,0.0,inf,PQ,,
Tongi-3(Mill Gate)_132kV,132.0,,0.0,0.0,AC,,,1.0,0.0,inf,PQ,,
Tongi_132kV,132.0,,0.0,0.0,AC,,,1.0,0.0,inf,PQ,,
Tongi_230kV,230.0,,0.0,0.0,AC,,,1.0,0.0,inf,PQ,,
USDKWindFarm_132kV,132.0,,0.0,0.0,AC,,,1.0,0.0,inf,PQ,,
Ullapara_132kV,132.0,,0.0,0.0,AC,,,1.0,0.0,inf,PQ,,
Ullon_132kV,132.0,,0.0,0.0,AC,,,1.0,0.0,inf,PQ,,
UnitedPP_132kV,132.0,,0.0,0.0,AC,,,1.0,0.0,inf,PQ,,
Uttara 3P_132kV,132.0,,0.0,0.0,AC,,,1.0,0.0,inf,PQ,,
Uttara3P_132kV,132.0,,0.0,0.0,AC,,,1.0,0.0,inf,PQ,,
Uttara_132kV,132.0,,0.0,0.0,AC,,,1.0,0.0,inf,PQ,,
Zigatola_132kV,132.0,,0.0,0.0,AC,,,1.0,0.0,inf,PQ,,
