name,bus0,bus1,length,r,x,b,s_nom
BheramaraHVDC1_400kV_DCtoBangladesh Border1_400kV_DC_Line1,BheramaraHVDC1_400kV_DC,BangladeshBorder1_400kV_DC,27.35,0.804807,3.768373,0.000325465,1385.641
BheramaraHVDC1_400kV_DCtoBangladesh Border1_400kV_DC_Line2,BheramaraHVDC1_400kV_DC,BangladeshBorder1_400kV_DC,27.35,0.804807,3.768373,0.000325465,1385.641
Aminbazar_400kVtoMeghnaghat_400kV_Line1,Aminbazar_400kV,Meghnaghat_400kV,55.0,1.39403,6.367625,0.0013805,1987.009
Aminbazar_400kVtoMeghnaghat_400kV_Line2,Aminbazar_400kV,Meghnaghat_400kV,55.0,1.39403,6.367625,0.0013805,1987.009
SuryamaninagarRecvBus_132kVtoCumillaSouth_132kV_Line1,SuryamaninagarRecvBus_132kV,CumillaSouth_132kV,47.0,1.383031,6.475815,0.0005593,457.261
SuryamaninagarRecvBus_132kVtoCumillaSouth_132kV_Line2,SuryamaninagarRecvBus_132kV,CumillaSouth_132kV,47.0,1.383031,6.475815,0.0005593,457.261
Bibiyana_400kVtoKaliakoir_400kV_Line1,Bibiyana_400kV,Kaliakoir_400kV,169.5,4.987741,23.354269,0.00201705,1385.641
Bibiyana_400kVtoKaliakoir_400kV_Line2,Bibiyana_400kV,Kaliakoir_400kV,169.5,4.987741,23.354269,0.00201705,1385.641
AshuganjNorth_400kVtoBhulta_400kV_Line1,AshuganjNorth_400kV,Bhulta_400kV,69.0,2.030408,9.507048,0.0008211,1385.641
AshuganjNorth_400kVtoBhulta_400kV_Line2,AshuganjNorth_400kV,Bhulta_400kV,69.0,2.030408,9.507048,0.0008211,1385.641
Payra_400kVtoGopalganjNorth_400kV_Line1,Payra_400kV,GopalganjNorth_400kV,163.55,2.406328,17.705645,0.00444856,2771.281
Payra_400kVtoGopalganjNorth_400kV_Line2,Payra_400kV,GopalganjNorth_400kV,163.55,2.406328,17.705645,0.00444856,2771.281
BSRM_230kVtoMirsarai_230kV_Line1,BSRM_230kV,Mirsarai_230kV,16.5,0.485532,2.273424,0.00019635,796.743
BSRM_230kVtoMirsarai_230kV_Line2,BSRM_230kV,Mirsarai_230kV,16.5,0.485532,2.273424,0.00019635,796.743
BheramaraHVDC2_400kV_DCtoBangladeshBorder2_400kV_DC_Line1,BheramaraHVDC2_400kV_DC,BangladeshBorder2_400kV_DC,28.0,0.823934,3.857932,0.0003332,1385.641
BheramaraHVDC2_400kV_DCtoBangladeshBorder2_400kV_DC_Line2,BheramaraHVDC2_400kV_DC,BangladeshBorder2_400kV_DC,28.0,0.823934,3.857932,0.0003332,1385.641
PayraPP_400kVtoPayra_400kV_Line1,PayraPP_400kV,Payra_400kV,1.2,0.017656,0.12991,3.264e-05,2771.281
PayraPP_400kVtoPayra_400kV_Line2,PayraPP_400kV,Payra_400kV,1.2,0.017656,0.12991,3.264e-05,2771.281
Banskhali_400kVtoMadunaghatNew_400kV_Line1,Banskhali_400kV,MadunaghatNew_400kV,55.5,0.816577,6.008336,0.0015096,2771.281
Banskhali_400kVtoMadunaghatNew_400kV_Line2,Banskhali_400kV,MadunaghatNew_400kV,55.5,0.816577,6.008336,0.0015096,2771.281
AdaniPPRecvBus_400kVtoRahanpur_400kV_Line1,AdaniPPRecvBus_400kV,Rahanpur_400kV,134.0,3.943111,18.462962,0.0015946,1385.641
AdaniPPRecvBus_400kVtoRahanpur_400kV_Line2,AdaniPPRecvBus_400kV,Rahanpur_400kV,134.0,3.943111,18.462962,0.0015946,1385.641
Rampal_400kVtoGopalganjNorth_400kV_Line1,Rampal_400kV,GopalganjNorth_400kV,96.7,1.422757,10.468578,0.00263024,2771.281
Rampal_400kVtoGopalganjNorth_400kV_Line2,Rampal_400kV,GopalganjNorth_400kV,96.7,1.422757,10.468578,0.00263024,2771.281
GopalganjNorth_400kVtoAminbazar_400kV_Line1,GopalganjNorth_400kV,Aminbazar_400kV,75.3,1.107896,8.15185,0.00204816,2771.281
GopalganjNorth_400kVtoAminbazar_400kV_Line2,GopalganjNorth_400kV,Aminbazar_400kV,75.3,1.107896,8.15185,0.00204816,2771.281
BoguraWest_400kVtoRahanpur_400kV_Line1,BoguraWest_400kV,Rahanpur_400kV,105.0,3.089751,14.467246,0.0012495,1385.641
BoguraWest_400kVtoRahanpur_400kV_Line2,BoguraWest_400kV,Rahanpur_400kV,105.0,3.089751,14.467246,0.0012495,1385.641
Barishal307MWPP_400kVtoPayraPP_400kV_Line1,Barishal307MWPP_400kV,PayraPP_400kV,27.8,0.409024,3.009581,0.00075616,2771.281
Barishal307MWPP_400kVtoPayraPP_400kV_Line2,Barishal307MWPP_400kV,PayraPP_400kV,27.8,0.409024,3.009581,0.00075616,2771.281
Matarbari_400kVtoBanskhali_400kV_Line1,Matarbari_400kV,Banskhali_400kV,38.0,0.559098,4.113815,0.0010336,2771.281
Matarbari_400kVtoBanskhali_400kV_Line2,Matarbari_400kV,Banskhali_400kV,38.0,0.559098,4.113815,0.0010336,2771.281
MadunaghatNew_400kVtoKorerhat_400kV_Line1,MadunaghatNew_400kV,Korerhat_400kV,66.0,0.971065,7.145048,0.0017952,2771.281
MadunaghatNew_400kVtoKorerhat_400kV_Line2,MadunaghatNew_400kV,Korerhat_400kV,66.0,0.971065,7.145048,0.0017952,2771.281
Meghnaghat_400kVtoKorerhat_400kV_Line1,Meghnaghat_400kV,Korerhat_400kV,151.0,2.221678,16.347003,0.0041072,2771.281
Meghnaghat_400kVtoKorerhat_400kV_Line2,Meghnaghat_400kV,Korerhat_400kV,151.0,2.221678,16.347003,0.0041072,2771.281
RNPP_400kVtoBoguraWest_400kV_Line1,RNPP_400kV,BoguraWest_400kV,90.0,1.324179,9.743247,0.002448,2771.281
BoguraWest_400kVtoBarapukuriaNorth_400kV_Line1,BoguraWest_400kV,BarapukuriaNorth_400kV,112.0,1.647867,12.12493,0.0030464,2771.281
BoguraWest_400kVtoBarapukuriaNorth_400kV_Line2,BoguraWest_400kV,BarapukuriaNorth_400kV,112.0,1.647867,12.12493,0.0030464,2771.281
PayraPP_400kVtoAmtali_400kV_Line1,PayraPP_400kV,Amtali_400kV,17.0,0.250123,1.840391,0.0004624,2771.281
PayraPP_400kVtoAmtali_400kV_Line2,PayraPP_400kV,Amtali_400kV,17.0,0.250123,1.840391,0.0004624,2771.281
GopalganjNorth_400kVtoAmtali_400kV_Line1,GopalganjNorth_400kV,Amtali_400kV,147.0,2.162826,15.91397,0.0039984,2771.281
GopalganjNorth_400kVtoAmtali_400kV_Line2,GopalganjNorth_400kV,Amtali_400kV,147.0,2.162826,15.91397,0.0039984,2771.281
Amtali_400kVtoRNPL_400kV_Line1,Amtali_400kV,RNPL_400kV,9.9,0.14566,1.071757,0.00026928,2771.281
Amtali_400kVtoRNPL_400kV_Line2,Amtali_400kV,RNPL_400kV,9.9,0.14566,1.071757,0.00026928,2771.281
Bogura_400kVtoKaliakoir_400kV_Line1,Bogura_400kV,Kaliakoir_400kV,73.0,1.074056,7.902856,0.0019856,2771.281
Bogura_400kVtoKaliakoir_400kV_Line2,Bogura_400kV,Kaliakoir_400kV,73.0,1.074056,7.902856,0.0019856,2771.281
Aminbazar_400kVtoKaliakoir_400kV_Line1,Aminbazar_400kV,Kaliakoir_400kV,51.0,0.750368,5.521173,0.0013872,2771.281
RNPP_400kVtoGopalganjNorth_400kV_Line1,RNPP_400kV,GopalganjNorth_400kV,156.0,2.295244,16.888295,0.0042432,2771.281
Ghorashal_230kVtoIshwardi_230kV_Line1,Ghorashal_230kV,Ishwardi_230kV,175.0,14.21791,35.597923,0.00100275,328.258
Ghorashal_230kVtoIshwardi_230kV_Line2,Ghorashal_230kV,Ishwardi_230kV,175.0,14.21791,35.597923,0.00100275,328.258
Tongi_230kVtoGhorashal_230kV_Line1,Tongi_230kV,Ghorashal_230kV,27.0,2.19362,5.492251,0.00015471,328.258
Tongi_230kVtoGhorashal_230kV_Line2,Tongi_230kV,Ghorashal_230kV,27.0,2.19362,5.492251,0.00015471,328.258
Ghorashal_230kVtoAshuganj_230kV_Line1,Ghorashal_230kV,Ashuganj_230kV,44.0,3.574789,8.950335,0.00025212,328.258
Ghorashal_230kVtoAshuganj_230kV_Line2,Ghorashal_230kV,Ashuganj_230kV,44.0,3.574789,8.950335,0.00025212,328.258
Raozan_230kVtoHathazari_230kV_Line1,Raozan_230kV,Hathazari_230kV,22.5,1.00188,3.436126,0.000243,545.769
Raozan_230kVtoHathazari_230kV_Line2,Raozan_230kV,Hathazari_230kV,22.5,1.00188,3.436126,0.000243,545.769
Ashuganj_230kVtoCumillaNorth_230kV_Line1,Ashuganj_230kV,CumillaNorth_230kV,79.0,4.64934,15.549831,0.00047163,398.372
Ashuganj_230kVtoCumillaNorth_230kV_Line2,Ashuganj_230kV,CumillaNorth_230kV,79.0,4.64934,15.549831,0.00047163,398.372
Ghorashal_230kVtoBhulta_230kV_Line1,Ghorashal_230kV,Bhulta_230kV,50.0,2.03113,7.119585,0.000575,656.517
Ghorashal_230kVtoBhulta_230kV_Line2,Ghorashal_230kV,Bhulta_230kV,50.0,2.03113,7.119585,0.000575,656.517
Bhulta_230kVtoRampura_230kV_Line1,Bhulta_230kV,Rampura_230kV,20.0,0.812452,2.847834,0.00023,656.517
Bhulta_230kVtoRampura_230kV_Line2,Bhulta_230kV,Rampura_230kV,20.0,0.812452,2.847834,0.00023,656.517
Haripur_230kVtoBhulta_230kV_Line1,Haripur_230kV,Bhulta_230kV,22.0,0.893697,3.132617,0.000253,656.517
Haripur_230kVtoBhulta_230kV_Line2,Haripur_230kV,Bhulta_230kV,22.0,0.893697,3.132617,0.000253,656.517
Bhulta_230kVtoRampura_230kV_Line3,Bhulta_230kV,Rampura_230kV,20.0,0.812452,2.847834,0.00023,656.517
Bhulta_230kVtoRampura_230kV_Line4,Bhulta_230kV,Rampura_230kV,20.0,0.812452,2.847834,0.00023,656.517
Haripur_230kVtoMeghnaghat_230kV_Line1,Haripur_230kV,Meghnaghat_230kV,12.5,0.507783,1.779896,0.00014375,656.517
Haripur_230kVtoMeghnaghat_230kV_Line2,Haripur_230kV,Meghnaghat_230kV,12.5,0.507783,1.779896,0.00014375,656.517
Meghnaghat_230kVtoShyampur_230kV_Line1,Meghnaghat_230kV,Shyampur_230kV,12.25,0.497627,1.744298,0.000140875,656.517
Meghnaghat_230kVtoShyampur_230kV_Line2,Meghnaghat_230kV,Shyampur_230kV,12.25,0.497627,1.744298,0.000140875,656.517
Shyampur_230kVtoHasnabad_230kV_Line1,Shyampur_230kV,Hasnabad_230kV,12.25,0.497627,1.744298,0.000140875,656.517
Shyampur_230kVtoHasnabad_230kV_Line2,Shyampur_230kV,Hasnabad_230kV,12.25,0.497627,1.744298,0.000140875,656.517
CumillaNorth_230kVtoFeniNorth_230kV_Line1,CumillaNorth_230kV,FeniNorth_230kV,70.0,4.119668,13.778331,0.0004179,398.372
CumillaNorth_230kVtoFeniNorth_230kV_Line2,CumillaNorth_230kV,FeniNorth_230kV,70.0,4.119668,13.778331,0.0004179,398.372
FeniNorth_230kVtoBSRM_230kV_Line1,FeniNorth_230kV,BSRM_230kV,26.0,1.530162,5.117666,0.00015522,398.372
FeniNorth_230kVtoBSRM_230kV_Line2,FeniNorth_230kV,BSRM_230kV,26.0,1.530162,5.117666,0.00015522,398.372
BSRM_230kVtoGPH_230kV_Line1,BSRM_230kV,GPH_230kV,40.0,2.354096,7.873332,0.0002388,398.372
BSRM_230kVtoGPH_230kV_Line2,BSRM_230kV,GPH_230kV,40.0,2.354096,7.873332,0.0002388,398.372
GPH_230kVtoAKSPL_230kV_Line1,GPH_230kV,AKSPL_230kV,13.0,0.765081,2.558833,7.761e-05,398.372
GPH_230kVtoAKSPL_230kV_Line2,GPH_230kV,AKSPL_230kV,13.0,0.765081,2.558833,7.761e-05,398.372
AKSPL_230kVtoHathazari_230kV_Line1,AKSPL_230kV,Hathazari_230kV,9.0,0.529672,1.7715,5.373e-05,398.372
AKSPL_230kVtoHathazari_230kV_Line2,AKSPL_230kV,Hathazari_230kV,9.0,0.529672,1.7715,5.373e-05,398.372
AESHaripur_230kVtoHaripur_230kV_Line1,AESHaripur_230kV,Haripur_230kV,2.4,0.141246,0.4724,1.4328e-05,398.372
AESHaripur_230kVtoHaripur_230kV_Line2,AESHaripur_230kV,Haripur_230kV,2.4,0.141246,0.4724,1.4328e-05,398.372
CumillaNorth_230kVtoMeghnaghat_230kV_Line1,CumillaNorth_230kV,Meghnaghat_230kV,58.0,2.356111,8.258719,0.000667,656.517
CumillaNorth_230kVtoMeghnaghat_230kV_Line2,CumillaNorth_230kV,Meghnaghat_230kV,58.0,2.356111,8.258719,0.000667,656.517
Tongi_230kVtoKaliakoir_230kV_Line1,Tongi_230kV,Kaliakoir_230kV,25.2,0.861981,3.60738,0.0002898,719.459
Tongi_230kVtoKaliakoir_230kV_Line2,Tongi_230kV,Kaliakoir_230kV,25.2,0.861981,3.60738,0.0002898,719.459
Kaliakoir_230kVtoAminbazar_230kV_Line1,Kaliakoir_230kV,Aminbazar_230kV,32.0,1.094579,4.5808,0.000368,719.459
Kaliakoir_230kVtoAminbazar_230kV_Line2,Kaliakoir_230kV,Aminbazar_230kV,32.0,1.094579,4.5808,0.000368,719.459
Aminbazar_230kVtoKeraniganj_230kV_Line1,Aminbazar_230kV,Keraniganj_230kV,10.75,0.36771,1.538863,0.000123625,719.459
Aminbazar_230kVtoKeraniganj_230kV_Line2,Aminbazar_230kV,Keraniganj_230kV,10.75,0.36771,1.538863,0.000123625,719.459
Hasnabad_230kVtoKeraniganj_230kV_Line1,Hasnabad_230kV,Keraniganj_230kV,10.75,0.36771,1.538863,0.000123625,719.459
Hasnabad_230kVtoKeraniganj_230kV_Line2,Hasnabad_230kV,Keraniganj_230kV,10.75,0.36771,1.538863,0.000123625,719.459
Ashuganj_230kVtoSripur_230kV_Line1,Ashuganj_230kV,Sripur_230kV,75.0,2.56542,10.73625,0.0008625,719.459
Ashuganj_230kVtoSripur_230kV_Line2,Ashuganj_230kV,Sripur_230kV,75.0,2.56542,10.73625,0.0008625,719.459
Sripur_230kVtoSirajganjSouthWest_230kV_Line1,Sripur_230kV,SirajganjSouthWest_230kV,69.0,2.360186,9.87735,0.0007935,719.459
Sripur_230kVtoSirajganjSouthWest_230kV_Line2,Sripur_230kV,SirajganjSouthWest_230kV,69.0,2.360186,9.87735,0.0007935,719.459
KhulnaSouth_230kVtoJhenaidahSouth_230kV_Line1,KhulnaSouth_230kV,JhenaidahSouth_230kV,96.0,3.283738,13.7424,0.001104,719.459
KhulnaSouth_230kVtoJhenaidahSouth_230kV_Line2,KhulnaSouth_230kV,JhenaidahSouth_230kV,96.0,3.283738,13.7424,0.001104,719.459
JhenaidahSouth_230kVtoBheramaraHVDC_230kV_Line1,JhenaidahSouth_230kV,BheramaraHVDC_230kV,80.5,2.753551,11.523575,0.00092575,719.459
JhenaidahSouth_230kVtoBheramaraHVDC_230kV_Line2,JhenaidahSouth_230kV,BheramaraHVDC_230kV,80.5,2.753551,11.523575,0.00092575,719.459
BoguraWest_230kVtoBarapukuria_230kV_Line1,BoguraWest_230kV,Barapukuria_230kV,106.0,3.625794,15.1739,0.001219,719.459
BoguraWest_230kVtoBarapukuria_230kV_Line2,BoguraWest_230kV,Barapukuria_230kV,106.0,3.625794,15.1739,0.001219,719.459
BoguraSouth_230kVtoBoguraWest_230kV_Line1,BoguraSouth_230kV,BoguraWest_230kV,11.0,0.376262,1.57465,0.0001265,719.459
BoguraSouth_230kVtoBoguraWest_230kV_Line2,BoguraSouth_230kV,BoguraWest_230kV,11.0,0.376262,1.57465,0.0001265,719.459
BoguraSouth_230kVtoBoguraWest_230kV_Line3,BoguraSouth_230kV,BoguraWest_230kV,11.0,0.376262,1.57465,0.0001265,719.459
BoguraSouth_230kVtoBoguraWest_230kV_Line4,BoguraSouth_230kV,BoguraWest_230kV,11.0,0.376262,1.57465,0.0001265,719.459
SirajganjSouthWest_230kVtoBoguraSouth_230kV_Line1,SirajganjSouthWest_230kV,BoguraSouth_230kV,72.5,2.479906,10.378375,0.00083375,719.459
SirajganjSouthWest_230kVtoBoguraSouth_230kV_Line2,SirajganjSouthWest_230kV,BoguraSouth_230kV,72.5,2.479906,10.378375,0.00083375,719.459
Ishwardi_230kVtoBaghabari_230kV_Line1,Ishwardi_230kV,Baghabari_230kV,55.0,1.881308,7.87325,0.0006325,719.459
Ishwardi_230kVtoBaghabari_230kV_Line2,Ishwardi_230kV,Baghabari_230kV,55.0,1.881308,7.87325,0.0006325,719.459
Baghabari_230kVtoSirajganjSouthWest_230kV_Line1,Baghabari_230kV,SirajganjSouthWest_230kV,38.0,1.299813,5.4397,0.000437,719.459
Baghabari_230kVtoSirajganjSouthWest_230kV_Line2,Baghabari_230kV,SirajganjSouthWest_230kV,38.0,1.299813,5.4397,0.000437,719.459
Fenchuganj_230kVtoBibiyana_230kV_Line1,Fenchuganj_230kV,Bibiyana_230kV,33.5,1.360857,4.770122,0.00038525,656.517
Fenchuganj_230kVtoBibiyana_230kV_Line2,Fenchuganj_230kV,Bibiyana_230kV,33.5,1.360857,4.770122,0.00038525,656.517
Bibiyana_230kVtoShahjibazar_230kV_Line1,Bibiyana_230kV,Shahjibazar_230kV,95.0,3.859147,13.527212,0.0010925,656.517
Bibiyana_230kVtoShahjibazar_230kV_Line2,Bibiyana_230kV,Shahjibazar_230kV,95.0,3.859147,13.527212,0.0010925,656.517
Shahjibazar_230kVtoCumillaNorth_230kV_Line1,Shahjibazar_230kV,CumillaNorth_230kV,58.5,2.376422,8.329914,0.00067275,656.517
Shahjibazar_230kVtoCumillaNorth_230kV_Line2,Shahjibazar_230kV,CumillaNorth_230kV,58.5,2.376422,8.329914,0.00067275,656.517
Aminbazar_230kVtoAgargaon_230kV_Line1,Aminbazar_230kV,Agargaon_230kV,7.5,0.30467,1.067938,8.625e-05,656.517
Aminbazar_230kVtoAgargaon_230kV_Line2,Aminbazar_230kV,Agargaon_230kV,7.5,0.30467,1.067938,8.625e-05,656.517
Siddhirganj_230kVtoManiknagar_230kV_Line1,Siddhirganj_230kV,Maniknagar_230kV,11.0,0.446849,1.566309,0.0001265,656.517
Siddhirganj_230kVtoManiknagar_230kV_Line2,Siddhirganj_230kV,Maniknagar_230kV,11.0,0.446849,1.566309,0.0001265,656.517
BarishalNorth_230kVtoBorhanuddin_230kV_Line1,BarishalNorth_230kV,Borhanuddin_230kV,62.5,2.538912,8.899481,0.00071875,656.517
BarishalNorth_230kVtoBorhanuddin_230kV_Line2,BarishalNorth_230kV,Borhanuddin_230kV,62.5,2.538912,8.899481,0.00071875,656.517
BheramaraHVDC_230kVtoBheramara_230kV_Line1,BheramaraHVDC_230kV,Bheramara_230kV,6.0,0.205234,0.8589,6.9e-05,719.459
BheramaraHVDC_230kVtoBheramara_230kV_Line2,BheramaraHVDC_230kV,Bheramara_230kV,6.0,0.205234,0.8589,6.9e-05,719.459
Haripur_230kVtoSiddhirganj_230kV_Line1,Haripur_230kV,Siddhirganj_230kV,1.65,0.067027,0.234946,1.8975e-05,656.517
Haripur_230kVtoSiddhirganj_230kV_Line2,Haripur_230kV,Siddhirganj_230kV,1.65,0.067027,0.234946,1.8975e-05,656.517
BheramaraHVDC_230kVtoIshwardi_230kV_Line1,BheramaraHVDC_230kV,Ishwardi_230kV,12.8,0.259985,1.432054,0.0003328,1313.033
BheramaraHVDC_230kVtoIshwardi_230kV_Line2,BheramaraHVDC_230kV,Ishwardi_230kV,12.8,0.259985,1.432054,0.0003328,1313.033
Sikalbaha_230kVtoAnwara_230kV_Line1,Sikalbaha_230kV,Anwara_230kV,17.5,0.710896,2.491855,0.00020125,656.517
Sikalbaha_230kVtoAnwara_230kV_Line2,Sikalbaha_230kV,Anwara_230kV,17.5,0.710896,2.491855,0.00020125,656.517
Patuakhali_230kVtoPayra_230kV_Line1,Patuakhali_230kV,Payra_230kV,46.5,1.888951,6.621214,0.00053475,656.517
Patuakhali_230kVtoPayra_230kV_Line2,Patuakhali_230kV,Payra_230kV,46.5,1.888951,6.621214,0.00053475,656.517
RajshahiNorth_230kVtoBheramaraHVDC_230kV_Line1,RajshahiNorth_230kV,BheramaraHVDC_230kV,66.2,2.689216,9.426331,0.0007613,656.517
RajshahiNorth_230kVtoBheramaraHVDC_230kV_Line2,RajshahiNorth_230kV,BheramaraHVDC_230kV,66.2,2.689216,9.426331,0.0007613,656.517
MadunaghatNew_230kVtoHathazari_230kV_Line1,MadunaghatNew_230kV,Hathazari_230kV,28.35,0.575825,3.171775,0.0007371,1313.033
MadunaghatNew_230kVtoHathazari_230kV_Line2,MadunaghatNew_230kV,Hathazari_230kV,28.35,0.575825,3.171775,0.0007371,1313.033
Rampal_230kVtoKhulnaSouth_230kV_Line1,Rampal_230kV,KhulnaSouth_230kV,24.0,0.974942,3.417401,0.000276,656.517
Rampal_230kVtoKhulnaSouth_230kV_Line2,Rampal_230kV,KhulnaSouth_230kV,24.0,0.974942,3.417401,0.000276,656.517
BarishalNorth_230kVtoGopalganjNorth_230kV_Line1,BarishalNorth_230kV,GopalganjNorth_230kV,75.0,3.046695,10.679378,0.0008625,656.517
BarishalNorth_230kVtoGopalganjNorth_230kV_Line2,BarishalNorth_230kV,GopalganjNorth_230kV,75.0,3.046695,10.679378,0.0008625,656.517
GopalganjNorth_230kVtoFaridpur_230kV_Line1,GopalganjNorth_230kV,Faridpur_230kV,49.0,1.990507,6.977193,0.0005635,656.517
GopalganjNorth_230kVtoFaridpur_230kV_Line2,GopalganjNorth_230kV,Faridpur_230kV,49.0,1.990507,6.977193,0.0005635,656.517
MadunaghatNew_230kVtoSikalbaha_230kV_Line1,MadunaghatNew_230kV,Sikalbaha_230kV,11.7,0.237642,1.308987,0.0003042,1313.033
MadunaghatNew_230kVtoSikalbaha_230kV_Line2,MadunaghatNew_230kV,Sikalbaha_230kV,11.7,0.237642,1.308987,0.0003042,1313.033
MadunaghatNew_230kVtoMadunaghat_230kV_Line1,MadunaghatNew_230kV,Madunaghat_230kV,7.0,0.284358,0.996742,8.05e-05,656.517
MadunaghatNew_230kVtoMadunaghat_230kV_Line2,MadunaghatNew_230kV,Madunaghat_230kV,7.0,0.284358,0.996742,8.05e-05,656.517
RNPP_230kVtoBaghabari_230kV_Line1,RNPP_230kV,Baghabari_230kV,65.5,2.66078,9.326656,0.00075325,656.517
RNPP_230kVtoBaghabari_230kV_Line2,RNPP_230kV,Baghabari_230kV,65.5,2.66078,9.326656,0.00075325,656.517
Khulna330MW_230kVtoKhulnaSouth_230kV_Line1,Khulna330MW_230kV,KhulnaSouth_230kV,14.0,0.568716,1.993484,0.000161,656.517
Sonagazi_230kVtoMirsarai_230kV_Line1,Sonagazi_230kV,Mirsarai_230kV,13.3,0.540281,1.89381,0.00015295,656.517
Korerhat_230kVtoChowmuhani_230kV_Line1,Korerhat_230kV,Chowmuhani_230kV,54.0,2.19362,7.689152,0.000621,656.517
Korerhat_230kVtoChowmuhani_230kV_Line2,Korerhat_230kV,Chowmuhani_230kV,54.0,2.19362,7.689152,0.000621,656.517
Korerhat_230kVtoChowmuhani_230kV_Line3,Korerhat_230kV,Chowmuhani_230kV,54.0,2.19362,7.689152,0.000621,656.517
Korerhat_230kVtoChowmuhani_230kV_Line4,Korerhat_230kV,Chowmuhani_230kV,54.0,2.19362,7.689152,0.000621,656.517
Chowmuhani_230kVtoKachua_230kV_Line1,Chowmuhani_230kV,Kachua_230kV,50.5,2.051441,7.190781,0.00058075,656.517
Chowmuhani_230kVtoKachua_230kV_Line2,Chowmuhani_230kV,Kachua_230kV,50.5,2.051441,7.190781,0.00058075,656.517
Chowmuhani_230kVtoKachua_230kV_Line3,Chowmuhani_230kV,Kachua_230kV,50.5,2.051441,7.190781,0.00058075,656.517
Chowmuhani_230kVtoKachua_230kV_Line4,Chowmuhani_230kV,Kachua_230kV,50.5,2.051441,7.190781,0.00058075,656.517
Chowmuhani_230kVtoMaijdee_230kV_Line1,Chowmuhani_230kV,Maijdee_230kV,20.5,0.832763,2.91903,0.00023575,656.517
Chowmuhani_230kVtoMaijdee_230kV_Line2,Chowmuhani_230kV,Maijdee_230kV,20.5,0.832763,2.91903,0.00023575,656.517
Barapukuria_230kVtoPurbasadipur_230kV_Line1,Barapukuria_230kV,Purbasadipur_230kV,38.7,1.572095,5.510559,0.00044505,656.517
Barapukuria_230kVtoPurbasadipur_230kV_Line2,Barapukuria_230kV,Purbasadipur_230kV,38.7,1.572095,5.510559,0.00044505,656.517
Kachua_230kVtoGazaria_230kV_Line1,Kachua_230kV,Gazaria_230kV,49.0,1.990507,6.977193,0.0005635,656.517
Kachua_230kVtoGazaria_230kV_Line2,Kachua_230kV,Gazaria_230kV,49.0,1.990507,6.977193,0.0005635,656.517
Kachua_230kVtoGazaria_230kV_Line3,Kachua_230kV,Gazaria_230kV,49.0,1.990507,6.977193,0.0005635,656.517
Kachua_230kVtoGazaria_230kV_Line4,Kachua_230kV,Gazaria_230kV,49.0,1.990507,6.977193,0.0005635,656.517
GhorashalSouthWest_230kVtoGhorashal_230kV_Line1,GhorashalSouthWest_230kV,Ghorashal_230kV,1.1,0.02024,0.072072,2.2e-06,1195.115
GhorashalSouthWest_230kVtoGhorashal_230kV_Line2,GhorashalSouthWest_230kV,Ghorashal_230kV,1.1,0.02024,0.072072,2.2e-06,1195.115
GhorashalSouthWest_230kVtoGhorashal_230kV_Line3,GhorashalSouthWest_230kV,Ghorashal_230kV,1.1,0.02024,0.072072,2.2e-06,1195.115
Shahjibazar_132kVtoBrahmanbaria_132kV_Line1,Shahjibazar_132kV,Brahmanbaria_132kV,57.0,5.773644,12.15525,0.00031236,162.785
Shahjibazar_132kVtoBrahmanbaria_132kV_Line2,Shahjibazar_132kV,Brahmanbaria_132kV,57.0,5.773644,12.15525,0.00031236,162.785
Brahmanbaria_132kVtoAshuganj_132kV_Line1,Brahmanbaria_132kV,Ashuganj_132kV,16.5,1.671318,3.518625,9.042e-05,162.785
Brahmanbaria_132kVtoAshuganj_132kV_Line2,Brahmanbaria_132kV,Ashuganj_132kV,16.5,1.671318,3.518625,9.042e-05,162.785
Ashuganj_132kVtoGhorashal_132kV_Line1,Ashuganj_132kV,Ghorashal_132kV,45.5,4.608786,9.702875,0.00024934,162.785
Ashuganj_132kVtoGhorashal_132kV_Line2,Ashuganj_132kV,Ghorashal_132kV,45.5,4.608786,9.702875,0.00024934,162.785
Ghorashal_132kVtoNarsingdi_132kV_Line1,Ghorashal_132kV,Narsingdi_132kV,13.5,1.367442,2.878875,7.398e-05,162.785
Ghorashal_132kVtoNarsingdi_132kV_Line2,Ghorashal_132kV,Narsingdi_132kV,13.5,1.367442,2.878875,7.398e-05,162.785
Narsingdi_132kVtoBhulta_132kV_Line1,Narsingdi_132kV,Bhulta_132kV,19.0,1.924548,4.05175,0.00010412,162.785
Narsingdi_132kVtoBhulta_132kV_Line2,Narsingdi_132kV,Bhulta_132kV,19.0,1.924548,4.05175,0.00010412,162.785
Bhulta_132kVtoHaripur_132kV_Line1,Bhulta_132kV,Haripur_132kV,15.0,1.51938,3.19875,8.22e-05,162.785
Bhulta_132kVtoHaripur_132kV_Line2,Bhulta_132kV,Haripur_132kV,15.0,1.51938,3.19875,8.22e-05,162.785
Shahjibazar_132kVtoSrimangal_132kV_Line1,Shahjibazar_132kV,Srimangal_132kV,36.0,3.646512,7.677,0.00019728,162.785
Shahjibazar_132kVtoSrimangal_132kV_Line2,Shahjibazar_132kV,Srimangal_132kV,36.0,3.646512,7.677,0.00019728,162.785
Srimangal_132kVtoFenchuganj_132kV_Line1,Srimangal_132kV,Fenchuganj_132kV,49.0,4.963308,10.44925,0.00026852,162.785
Srimangal_132kVtoFenchuganj_132kV_Line2,Srimangal_132kV,Fenchuganj_132kV,49.0,4.963308,10.44925,0.00026852,162.785
FenchuganjPS_132kVtoFenchuganj_132kV_Line1,FenchuganjPS_132kV,Fenchuganj_132kV,3.75,0.379845,0.799687,2.055e-05,162.785
FenchuganjPS_132kVtoFenchuganj_132kV_Line2,FenchuganjPS_132kV,Fenchuganj_132kV,3.75,0.379845,0.799687,2.055e-05,162.785
FenchuganjPS_132kVtoFenchuganj_132kV_Line3,FenchuganjPS_132kV,Fenchuganj_132kV,3.75,0.379845,0.799687,2.055e-05,162.785
FenchuganjPS_132kVtoFenchuganj_132kV_Line4,FenchuganjPS_132kV,Fenchuganj_132kV,3.75,0.379845,0.799687,2.055e-05,162.785
FenchuganjPS_132kVtoSylhetSouth_132kV_Line1,SylhetSouth_132kV,Fenchuganj_132kV,5.0,0.50646,1.06625,2.74e-05,162.785
SylhetSouth_132kVtoFenchuganj_132kV_Line1,SylhetSouth_132kV,Fenchuganj_132kV,25.0,2.5323,5.33125,0.000137,162.785
Sylhet_132kVtoSylhetSouth_132kV_Line1,Sylhet_132kV,SylhetSouth_132kV,5.0,0.50646,1.06625,2.74e-05,162.785
Sylhet_132kVtoSylhetSouth_132kV_Line2,Sylhet_132kV,SylhetSouth_132kV,5.0,0.50646,1.06625,2.74e-05,162.785
Sylhet_132kVtoChhatak_132kV_Line1,Sylhet_132kV,Chhatak_132kV,33.0,3.342636,7.03725,0.00018084,162.785
Sylhet_132kVtoChhatak_132kV_Line2,Sylhet_132kV,Chhatak_132kV,33.0,3.342636,7.03725,0.00018084,162.785
Kaptai_132kVtoHathazari_132kV_Line1,Kaptai_132kV,Hathazari_132kV,45.0,4.55814,9.59625,0.0002466,162.785
Kaptai_132kVtoHathazari_132kV_Line2,Kaptai_132kV,Hathazari_132kV,45.0,4.55814,9.59625,0.0002466,162.785
Hathazari_132kVtoBaroirhat_132kV_Line1,Hathazari_132kV,Baroirhat_132kV,63.5,6.432042,13.541375,0.00034798,162.785
Hathazari_132kVtoBaroirhat_132kV_Line2,Hathazari_132kV,Baroirhat_132kV,63.5,6.432042,13.541375,0.00034798,162.785
Feni_132kVtoCumillaNorth_132kV_Line1,Feni_132kV,CumillaNorth_132kV,66.0,6.685272,14.0745,0.00036168,162.785
Feni_132kVtoCumillaNorth_132kV_Line2,Feni_132kV,CumillaNorth_132kV,66.0,6.685272,14.0745,0.00036168,162.785
CumillaNorth_132kVtoMuradnagar_132kV_Line1,CumillaNorth_132kV,Muradnagar_132kV,29.0,2.937468,6.18425,0.00015892,162.785
CumillaNorth_132kVtoMuradnagar_132kV_Line2,CumillaNorth_132kV,Muradnagar_132kV,29.0,2.937468,6.18425,0.00015892,162.785
Muradnagar_132kVtoDaudkandi_132kV_Line1,Muradnagar_132kV,Daudkandi_132kV,26.0,2.633592,5.5445,0.00014248,162.785
Muradnagar_132kVtoDaudkandi_132kV_Line2,Muradnagar_132kV,Daudkandi_132kV,26.0,2.633592,5.5445,0.00014248,162.785
Daudkandi_132kVtoSonargaon_132kV_Line1,Daudkandi_132kV,Sonargaon_132kV,61.5,6.229458,13.114875,0.00033702,162.785
Daudkandi_132kVtoSonargaon_132kV_Line2,Daudkandi_132kV,Sonargaon_132kV,61.5,6.229458,13.114875,0.00033702,162.785
Sonargaon_132kVtoHaripur_132kV_Line1,Sonargaon_132kV,Haripur_132kV,15.0,1.51938,3.19875,8.22e-05,162.785
Sonargaon_132kVtoHaripur_132kV_Line2,Sonargaon_132kV,Haripur_132kV,15.0,1.51938,3.19875,8.22e-05,162.785
Haripur_132kVtoSiddhirganj_132kV_Line1,Haripur_132kV,Siddhirganj_132kV,2.5,0.25323,0.533125,1.37e-05,162.785
Haripur_132kVtoSiddhirganj_132kV_Line2,Haripur_132kV,Siddhirganj_132kV,2.5,0.25323,0.533125,1.37e-05,162.785
CumillaNorth_132kVtoKachua_132kV_Line1,CumillaNorth_132kV,Kachua_132kV,56.0,5.672352,11.942,0.00030688,162.785
CumillaSouth_132kVtoKachua_132kV_Line1,CumillaSouth_132kV,Kachua_132kV,40.0,7.63968,9.33,0.0001992,109.285
Kachua_132kVtoChandpur_132kV_Line1,Kachua_132kV,Chandpur_132kV,22.0,2.228424,4.6915,0.00012056,162.785
Kachua_132kVtoChandpur_132kV_Line2,Kachua_132kV,Chandpur_132kV,22.0,2.228424,4.6915,0.00012056,162.785
Ashuganj_132kVtoBajitpur_132kV_Line1,Ashuganj_132kV,Bajitpur_132kV,21.0,2.127132,4.47825,0.00011508,162.785
Ashuganj_132kVtoBajitpur_132kV_Line2,Ashuganj_132kV,Bajitpur_132kV,21.0,2.127132,4.47825,0.00011508,162.785
Bajitpur_132kVtoKishoreganj_132kV_Line1,Bajitpur_132kV,Kishoreganj_132kV,31.0,3.140052,6.61075,0.00016988,162.785
Bajitpur_132kVtoKishoreganj_132kV_Line2,Bajitpur_132kV,Kishoreganj_132kV,31.0,3.140052,6.61075,0.00016988,162.785
Kishoreganj_132kVtoMymensingh_132kV_Line1,Kishoreganj_132kV,Mymensingh_132kV,59.0,5.976228,12.58175,0.00032332,162.785
Kishoreganj_132kVtoMymensingh_132kV_Line2,Kishoreganj_132kV,Mymensingh_132kV,59.0,5.976228,12.58175,0.00032332,162.785
Mymensingh_132kVtoJamalpur_132kV_Line1,Mymensingh_132kV,Jamalpur_132kV,55.0,5.57106,11.72875,0.0003014,162.785
Mymensingh_132kVtoJamalpur_132kV_Line2,Mymensingh_132kV,Jamalpur_132kV,55.0,5.57106,11.72875,0.0003014,162.785
Madunaghat_132kVtoSikalbaha_132kV_Line1,Madunaghat_132kV,Sikalbaha_132kV,17.0,1.721964,3.62525,9.316e-05,162.785
Madunaghat_132kVtoTKCCL_132kV_Line1,Madunaghat_132kV,TKCCL_132kV,9.0,0.911628,1.91925,4.932e-05,162.785
TKCCL_132kVtoSikalbaha_132kV_Line1,TKCCL_132kV,Sikalbaha_132kV,9.0,0.911628,1.91925,4.932e-05,162.785
Sikalbaha_132kVtoPatiya_132kV_Line1,Sikalbaha_132kV,Patiya_132kV,11.0,1.114212,2.34575,6.028e-05,162.785
Sikalbaha_132kVtoPatiya_132kV_Line2,Sikalbaha_132kV,Patiya_132kV,11.0,1.114212,2.34575,6.028e-05,162.785
Patiya_132kVtoDohazari_132kV_Line1,Patiya_132kV,Dohazari_132kV,21.0,2.127132,4.47825,0.00011508,162.785
Patiya_132kVtoDohazari_132kV_Line2,Patiya_132kV,Dohazari_132kV,21.0,2.127132,4.47825,0.00011508,162.785
Sikalbaha_132kVtoJuldah_132kV_Line1,Sikalbaha_132kV,Juldah_132kV,8.0,0.335395,1.485334,5.088e-05,283.731
Juldah_132kVtoHalishahar_132kV_Line1,Juldah_132kV,Halishahar_132kV,8.0,0.335395,1.485334,5.088e-05,283.731
Khulshi_132kVtoBaroaulia_132kV_Line1,Khulshi_132kV,Baroaulia_132kV,15.0,1.51938,3.19875,8.22e-05,162.785
Khulshi_132kVtoAKSML_132kV_Line1,Khulshi_132kV,AKSML_132kV,11.0,1.114212,2.34575,6.028e-05,162.785
AKSML_132kVtoBaroaulia_132kV_Line1,AKSML_132kV,Baroaulia_132kV,4.0,0.405168,0.853,2.192e-05,162.785
Madunaghat_132kVtoSholoshahar_132kV_Line1,Madunaghat_132kV,Sholoshahar_132kV,6.5,0.658398,1.386125,3.562e-05,162.785
Madunaghat_132kVtoSholoshahar_132kV_Line2,Madunaghat_132kV,Sholoshahar_132kV,6.5,0.658398,1.386125,3.562e-05,162.785
Sholoshahar_132kVtoKhulshi_132kV_Line1,Sholoshahar_132kV,Khulshi_132kV,6.5,0.658398,1.386125,3.562e-05,162.785
Sholoshahar_132kVtoKhulshi_132kV_Line2,Sholoshahar_132kV,Khulshi_132kV,6.5,0.658398,1.386125,3.562e-05,162.785
Kaptai_132kVtoChandraghona_132kV_Line1,Kaptai_132kV,Chandraghona_132kV,11.5,1.164858,2.452375,6.302e-05,162.785
Kaptai_132kVtoChandraghona_132kV_Line2,Kaptai_132kV,Chandraghona_132kV,11.5,1.164858,2.452375,6.302e-05,162.785
Chandraghona_132kVtoMadunaghat_132kV_Line1,Chandraghona_132kV,Madunaghat_132kV,27.0,2.734884,5.75775,0.00014796,162.785
Chandraghona_132kVtoMadunaghat_132kV_Line2,Chandraghona_132kV,Madunaghat_132kV,27.0,2.734884,5.75775,0.00014796,162.785
Madunaghat_132kVtoHathazari_132kV_Line1,Madunaghat_132kV,Hathazari_132kV,10.0,1.01292,2.1325,5.48e-05,162.785
Madunaghat_132kVtoHathazari_132kV_Line2,Madunaghat_132kV,Hathazari_132kV,10.0,1.01292,2.1325,5.48e-05,162.785
Hathazari_132kVtoBaroaulia_132kV_Line1,Hathazari_132kV,Baroaulia_132kV,11.0,1.114212,2.34575,6.028e-05,162.785
Hathazari_132kVtoBaroaulia_132kV_Line2,Hathazari_132kV,Baroaulia_132kV,11.0,1.114212,2.34575,6.028e-05,162.785
Dohazari_132kVtoCox'sBazar_132kV_Line1,Dohazari_132kV,Cox'sBazar_132kV,87.0,8.812404,18.55275,0.00047676,162.785
Dohazari_132kVtoCox'sBazar_132kV_Line2,Dohazari_132kV,Cox'sBazar_132kV,87.0,8.812404,18.55275,0.00047676,162.785
Feni_132kVtoDaganbhuiyan_132kV_Line1,Feni_132kV,Daganbhuiyan_132kV,16.0,1.620672,3.412,8.768e-05,162.785
Feni_132kVtoDaganbhuiyan_132kV_Line2,Feni_132kV,Daganbhuiyan_132kV,16.0,1.620672,3.412,8.768e-05,162.785
Daganbhuiyan_132kVtoChowmuhani_132kV_Line1,Daganbhuiyan_132kV,Chowmuhani_132kV,16.0,1.620672,3.412,8.768e-05,162.785
Daganbhuiyan_132kVtoChowmuhani_132kV_Line2,Daganbhuiyan_132kV,Chowmuhani_132kV,16.0,1.620672,3.412,8.768e-05,162.785
Baroaulia_132kVtoKSRM_132kV_Line1,Baroaulia_132kV,KSRM_132kV,4.0,0.405168,0.853,2.192e-05,162.785
Mymensingh_132kVtoNetrokona_132kV_Line1,Mymensingh_132kV,Netrokona_132kV,34.0,3.443928,7.2505,0.00018632,162.785
Mymensingh_132kVtoNetrokona_132kV_Line2,Mymensingh_132kV,Netrokona_132kV,34.0,3.443928,7.2505,0.00018632,162.785
KhulnaCentral_132kVtoNoapara_132kV_Line1,KhulnaCentral_132kV,Noapara_132kV,23.0,0.964261,4.270334,0.00014628,283.731
KhulnaCentral_132kVtoNoapara_132kV_Line2,KhulnaCentral_132kV,Noapara_132kV,23.0,0.964261,4.270334,0.00014628,283.731
Noapara_132kVtoJashore_132kV_Line1,Noapara_132kV,Jashore_132kV,28.0,1.173883,5.198668,0.00017808,283.731
Noapara_132kVtoJashore_132kV_Line2,Noapara_132kV,Jashore_132kV,28.0,1.173883,5.198668,0.00017808,283.731
Jashore_132kVtoKaliganj_132kV_Line1,Jashore_132kV,Kaliganj_132kV,32.0,1.341581,5.941334,0.00020352,283.731
Jashore_132kVtoKaliganj_132kV_Line2,Jashore_132kV,Kaliganj_132kV,32.0,1.341581,5.941334,0.00020352,283.731
Kaliganj_132kVtoJhenaidahSouth_132kV_Line1,Kaliganj_132kV,JhenaidahSouth_132kV,15.5,0.649828,2.877834,9.858e-05,283.731
Kaliganj_132kVtoJhenaidahSouth_132kV_Line2,Kaliganj_132kV,JhenaidahSouth_132kV,15.5,0.649828,2.877834,9.858e-05,283.731
Jhenaidah_132kVtoKushtia_132kV_Line1,Jhenaidah_132kV,Kushtia_132kV,43.0,1.802749,7.983668,0.00027348,283.731
Jhenaidah_132kVtoKushtia_132kV_Line2,Jhenaidah_132kV,Kushtia_132kV,43.0,1.802749,7.983668,0.00027348,283.731
Kushtia_132kVtoBheramara_132kV_Line1,Kushtia_132kV,Bheramara_132kV,23.0,0.964261,4.270334,0.00014628,283.731
Kushtia_132kVtoBheramara_132kV_Line2,Kushtia_132kV,Bheramara_132kV,23.0,0.964261,4.270334,0.00014628,283.731
Bheramara_132kVtoIshwardi_132kV_Line1,Bheramara_132kV,Ishwardi_132kV,10.0,0.419244,1.856667,6.36e-05,283.731
Bheramara_132kVtoIshwardi_132kV_Line2,Bheramara_132kV,Ishwardi_132kV,10.0,0.419244,1.856667,6.36e-05,283.731
