name,capacity_mw,area,energy_kwh,is_import,fuel,producer,match,tech,tier_a_tk_per_kwh,tier_b_tk_per_kwh,tier_a_cost_tk,tier_b_cost_tk
Adani Power Jharkhanda Ltd,1469.13,Western,33521369.0,True,Import,Import,import,Import,12.0,12.0,402256428.0,402256428.0
Payra 1320 MW,1244.0,Western,27454545.45,False,Coal,BCPCL,exact,Steam Turbine,5.590000000000001,2.4816,153470909.06550002,68131199.98872
SS Power,1224.0,Eastern,27234543.0,False,Coal,IPP,exact,Steam Turbine,5.590000000000001,2.4876,152241095.37000003,67748649.1668
Matarbari 2*600 MW (CPGCBL),1150.0,Eastern,25447272.73,False,Coal,CPGCL,exact,Steam Turbine,5.590000000000001,2.514,142250254.56070003,63974443.64321999
Patuakhali 1320 MW (RNPL),1244.0,Western,21949090.0,False,Coal,RNPL,exact,Steam Turbine,5.590000000000001,2.4816,122695413.10000001,54468861.743999995
Rampal 1320 MW (BIFPCL),1234.2,Western,21810910.0,False,Coal,PDB,exact,Steam Turbine,5.590000000000001,2.484,121922986.90000002,54178300.44
Bheramara (HVDC ),1000.0,Western,19010909.0,True,Import,Import,import,Import,8.8,8.8,167295999.20000002,167295999.20000002
Meghnaghat CCPP(Summit)-2 (Gas),583.0,Eastern,11658399.0,False,Gas,IPP,suffix,CCGT,3.0140000000000002,2.3316,35138414.586,27182723.1084
Unique Meghnaghat Power Limited (UMPL),584.0,Eastern,10751818.18,False,Gas,IPP,exact,ICE,3.5768000000000004,3.042,38457103.266224004,32707030.903559998
Sirajgonj 400 MW CCPP Unit-4 (Gas),413.792,Western,9149818.0,False,Gas,NWPGCL,suffix,CCGT,3.0140000000000002,2.5031999999999996,27577551.452000003,22903824.4176
Haripur 412 MW CCPP,412.0,Eastern,8823600.0,False,Gas,EGCB,exact,CCGT,3.0140000000000002,2.5056,26594330.400000002,22108412.16
Bibiana-II 341 MW CCPP (Summit),341.0,Eastern,7510000.0,False,Gas,IPP,exact,CCGT,3.0140000000000002,2.6052000000000004,22635140.0,19565052.000000004
Siddhirganj 335 MW CCPP,335.0,Eastern,7444058.0,False,Gas,EGCB,exact,CCGT,3.0140000000000002,2.6148,22436390.812000003,19464722.8584
Ashuganj 450 MW CCPP(North),350.01,Eastern,7361600.0,False,Gas,APSCL,exact,CCGT,3.0140000000000002,2.592,22187862.400000002,19081267.2
Bibiyana-III 400 MW CCPP,400.0,Eastern,6858000.0,False,Gas,PDB,exact,CCGT,3.0140000000000002,2.5212000000000003,20670012.0,17290389.6
Ashuganj 450 MW CCPP(South),342.01,Eastern,6158000.0,False,Gas,APSCL,exact,CCGT,3.0140000000000002,2.604,18560212.0,16035432.0
Barisal 307 MW,307.0,Western,5760000.0,False,Coal,BCPCL,exact,Steam Turbine,5.590000000000001,3.12,32198400.000000004,17971200.0
Ashuganj 420 MW CCPP(East),393.0,Eastern,5718500.0,False,Gas,APSCL,exact,CCGT,3.0140000000000002,2.5308,17235559.0,14472379.8
Bhola Nutan Biddut BD LTD (Gas),220.0,Western,5363810.0,False,Gas,IPP,suffix,ICE,3.5768000000000004,3.4187999999999996,19185275.608000003,18337793.628
Sikalbaha 225MW CCPP (Gas),225.0,Eastern,5143206.0,False,Gas,PDB,suffix,CCGT,3.0140000000000002,2.826,15501622.884000001,14534700.156
Ashuganj CCPP 225 MW,221.25,Eastern,4934000.0,False,Gas,APSCL,exact,CCGT,3.0140000000000002,2.8356,14871076.000000002,13990850.4
Meghnaghat CCPP(Summit),335.0,Eastern,4897745.0,False,Gas,IPP,exact,CCGT,3.0140000000000002,2.6148,14761803.430000002,12806623.625999998
Barapukuria 275 MW TPP Unit-3,274.0,Western,4633000.0,False,Coal,PDB,exact,Steam Turbine,5.590000000000001,3.1572,25898470.000000004,14627307.6
Sirajgonj 225MW CCPP Unit-3 (Gas),220.0,Western,3948582.0,False,Gas,NWPGCL,suffix,CCGT,3.0140000000000002,2.838,11901026.148,11206075.716
Sirajgonj 225MW CCPP Unit-2 (Gas),220.0,Western,3919609.0,False,Gas,NWPGCL,suffix,CCGT,3.0140000000000002,2.838,11813701.526,11123850.342
Sirajgonj 225MW CCPP Unit-1 (Gas),214.0,Western,3767818.0,False,Gas,NWPGCL,suffix,CCGT,3.0140000000000002,2.8536000000000006,11356203.452000001,10751845.444800003
Import (Tripura),160.0,Eastern,3628800.0,True,Import,Import,import,Import,9.0,9.0,32659200.0,32659200.0
Chandpur 150 MW CCPP,163.0,Eastern,3422747.0,False,Gas,PDB,exact,CCGT,3.0140000000000002,3.0096,10316159.458,10301099.371199999
Kushiara 163 MW CCPP (KP),163.0,Eastern,3264954.55,False,Gas,IPP,exact,CCGT,3.0140000000000002,3.0096,9840573.013700001,9826207.21368
Shajibazar 330 MW CCPP,330.0,Eastern,3255300.0,False,Gas,PDB,exact,CCGT,3.0140000000000002,2.622,9811474.200000001,8535396.6
Kodda 150 MW PP BRPL,149.36,Eastern,2940960.0,False,HFO,PDB-RPCL,exact,ICE,15.0092,4.712400000000001,44141456.832,13858979.904000001
Sylhet 225 MW CCPP,231.0,Eastern,2414770.0,False,Gas,PDB,exact,CCGT,3.0140000000000002,2.8116,7278116.78,6789367.3319999995
"Karnaphuli Hydro PP Unit-1,2,3,4, 5",230.0,Eastern,2313940.0,False,Hydro,PDB,exact,Hydro,0.1,0.18,231394.0,416509.2
Sreepur 150 MW PP BRPL,160.0,Eastern,2298000.0,False,HFO,PDB-RPCL,exact,ICE,15.0092,4.686,34491141.6,10768428.0
Kodda 300 MW PP Unit-2 (Summit),300.0,Eastern,1814575.0,False,HFO,IPP,exact,ICE,15.0092,4.4483999999999995,27235319.09,8071955.429999999
Kodda 149 MW PP Unit-1 (Summit),149.0,Eastern,1739520.0,False,HFO,IPP,exact,ICE,15.0092,4.7136000000000005,26108803.584,8199401.472000001
Karnaphuli Power Ltd.,110.0,Eastern,1732944.0,False,HFO,IPP,exact,ICE,15.0092,4.833600000000001,26010103.0848,8376358.118400001
Mymensingh 200 MW PP (United),200.0,Eastern,1639200.0,False,HFO,IPP,exact,ICE,15.0092,4.5996,24603080.64,7539664.319999999
Shahjibazar 86MW PP (Shahjibazar),86.0,Eastern,1604160.0,False,Gas,RPP,exact,ICE,3.5768000000000004,3.8244000000000002,5737759.488000001,6134949.504000001
Bhola 225 MW CCPP,194.0,Western,1548000.0,False,Gas,PDB,exact,CCGT,3.0140000000000002,2.9088,4665672.0,4502822.399999999
Gazipur 100 MW PP,105.0,Eastern,1331098.0,False,HFO,RPCL,exact,ICE,15.0092,4.852799999999999,19978716.1016,6459552.374399999
Jamalpur 115 MW PP (United),115.0,Eastern,1212000.0,False,HFO,IPP,exact,ICE,15.0092,4.815600000000001,18191150.4,5836507.200000001
Ashuganj 51 MW PP (Midland),51.0,Eastern,1164864.0,False,Gas,IPP,exact,ICE,3.5768000000000004,4.0704,4166485.5552000003,4741462.425600001
Teesta Solar Limited,200.0,Western,1159920.0,False,Solar,BCPCL,exact,Solar PV,0.0,0.0,0.0,0.0
Sikalbaha 105 MW PP (Baraka Sikalbaha),105.0,Eastern,993599.0,False,HFO,IPP,exact,ICE,15.0092,4.852799999999999,14913126.1108,4821737.2272
Rangpur 113 MW PP (Confidence),113.0,Western,978316.0,False,HFO,IPP,exact,ICE,15.0092,4.822799999999999,14683740.5072,4718222.404799999
Feni Lanka Power,114.0,Eastern,949620.0,False,HFO,IPP,exact,ICE,15.0092,4.8191999999999995,14253036.504,4576408.704
Ashuganj TSK 50 MW PP,46.701,Eastern,922464.0,False,Gas,APSCL,exact,ICE,3.5768000000000004,4.0956,3299469.2352000005,3778043.5584
HVDC(Nepal),40.0,Western,912000.0,True,Import,Import,import,Import,8.2,8.2,7478399.999999999,7478399.999999999
Barapukuria TPP Unit-1 & 2,170.0,Western,883200.0,False,Coal,PDB,exact,Steam Turbine,5.590000000000001,3.2952000000000004,4937088.000000001,2910320.64
Chandpur 200MW (Desh energy),200.0,Eastern,867360.0,False,HFO,IPP,exact,ICE,15.0092,4.5996,13018379.712,3989509.056
Energypac Power Venture Thakurgaon Ltd.,115.0,Western,819546.0,False,HFO,IPP,exact,ICE,15.0092,4.815600000000001,12300729.8232,3946605.7176000006
Chattogram 108 MW PP (ECPV),108.0,Eastern,779064.0,False,HFO,IPP,exact,ICE,15.0092,4.8408,11693127.3888,3771293.0111999996
Ashuganj 55 MW PP (Precision),52.824,Eastern,713280.0,False,Gas,QRPP,exact,ICE,3.5768000000000004,4.0536,2551259.904,2891351.808
Fenchugonj CCPP Phase-1,90.0,Eastern,692000.0,False,Gas,PDB,exact,CCGT,3.0140000000000002,3.3815999999999997,2085688.0000000002,2340067.1999999997
Ashuganj 150MW PP (Midland),150.0,Eastern,677454.0,False,HFO,IPP,exact,ICE,15.0092,4.7112,10168042.5768,3191621.2848
Manikgonj 162MW PP(MPGL),162.0,Eastern,660960.0,False,HFO,IPP,exact,ICE,15.0092,4.6812,9920480.832,3094085.9519999996
Shahjibazar GTPP Unit- 8 & 9,66.0,Eastern,639456.0,False,Gas,PDB,exact,Steam Turbine,4.220000000000001,4.9464,2698504.3200000003,3163005.1583999996
Chandpur 115(Doreen),115.0,Eastern,581760.0,False,HFO,IPP,exact,ICE,15.0092,4.815600000000001,8731752.192,2801523.4560000002
Gazipur 52 MW PP,52.194,Eastern,531274.0,False,HFO,RPCL,exact,ICE,15.0092,5.142,7973997.7208,2731810.9080000003
Patenga 50MW PP (Baraka),50.0,Eastern,500160.0,False,HFO,IPP,exact,ICE,15.0092,5.16,7507001.472,2580825.6
Summit Power Madhabdi,23.0,Eastern,492120.0,False,Gas,IPP,exact,ICE,3.5768000000000004,4.2612,1760214.816,2097021.7439999997
Titas 50 MW Peaking PP,52.0,Eastern,460336.0,False,HFO,PDB,exact,ICE,15.0092,5.1432,6909275.0912,2367600.1152
Anlima Energy Ltd.,116.0,Eastern,446731.0,False,HFO,IPP,exact,ICE,15.0092,4.812,6705074.9252,2149669.572
Chapainawabganj 100 MW Peaking PP,104.0,Western,426848.0,False,HFO,PDB,exact,ICE,15.0092,4.8564,6406647.0016,2072944.6272
Manikganj 55 MW PP (Northern),55.0,Eastern,418474.0,False,HFO,IPP,exact,ICE,15.0092,5.1192,6280959.9608,2142252.1008
Sonagazi 75 MW (AC) Solar Power Plant,75.0,Eastern,415673.0,False,Solar,EGCB,exact,Solar PV,0.0,0.0,0.0,0.0
Mongla Orion 100 MW Solar PP,100.0,Western,410969.0,False,Solar,IPP,exact,Solar PV,0.0,0.0,0.0,0.0
Cox's Bazar Wind,60.0,Eastern,403200.0,False,Wind,PDB,exact,Wind,0.0,0.0,0.0,0.0
Jangalia 52 MW PP (Lakdanavi),52.2,Eastern,400282.0,False,HFO,IPP,exact,ICE,15.0092,5.142,6007912.5944,2058250.0440000002
Jodiac Power,54.363,Eastern,395805.0,False,HFO,IPP,exact,ICE,15.0092,5.124,5940716.4059999995,2028104.8199999998
Summit Power Ashulia,33.75,Eastern,394800.0,False,Gas,IPP,exact,ICE,3.5768000000000004,4.1712,1412120.6400000001,1646789.76
Baghabari 50 MW Peaking PP,52.0,Western,393654.0,False,HFO,PDB,exact,ICE,15.0092,5.1432,5908431.6168,2024641.2528000001
Cumilla 25 MW PP (Summit),25.0,Eastern,385080.0,False,Gas,"SIPP,REB",exact,ICE,3.5768000000000004,4.2408,1377354.144,1633047.264
Madanganj-55 MW PP(Summit),55.0,Eastern,380969.0,False,HFO,IPP,exact,ICE,15.0092,5.1192,5718039.9148,1950256.5048
Shahjahanulla 25 MW PP,25.0,Eastern,364320.0,False,Gas,"SIPP,REB",exact,ICE,3.5768000000000004,4.2408,1303099.776,1545008.256
Dohazari -Kalaish 100 MW Peaking,102.0,Eastern,345280.0,False,HFO,PDB,exact,ICE,15.0092,4.8636,5182376.576,1679303.808
"Malancha, Ctg. EPZ (United)",42.0,Eastern,329280.0,False,Gas,IPP,exact,ICE,3.5768000000000004,4.119599999999999,1177768.7040000001,1356501.8879999998
Bagura 113 MW PP (Confidence)-2,113.0,Western,318048.0,False,HFO,IPP,exact,ICE,15.0092,4.822799999999999,4773646.0416,1533881.8943999996
Bagura 113 MW PP (Confidence)-1,113.0,Western,313344.0,False,HFO,IPP,exact,ICE,15.0092,4.822799999999999,4703042.7648,1511195.4431999996
Juldah 100 MW PP Unit-3 (Acorn),100.0,Eastern,297600.0,False,HFO,IPP,exact,ICE,15.0092,4.872,4466737.92,1449907.2
Sirajganj 68 MW Solar Park,68.0,Western,293824.0,False,Solar,IPP,exact,Solar PV,0.0,0.0,0.0,0.0
Juldah unit-2 (Acorn),100.0,Eastern,288960.0,False,HFO,IPP,exact,ICE,15.0092,4.872,4337058.432,1407813.1199999999
Pabna Solar 100 MW,100.0,Western,281790.0,False,Solar,IPP,exact,Solar PV,0.0,0.0,0.0,0.0
Anwara 300 MW PP (United),300.0,Eastern,244385.0,False,HFO,IPP,exact,ICE,15.0092,4.4483999999999995,3668023.342,1087122.234
Khulna 330 MW CCPP (HSD),336.0,Western,226320.0,False,HSD,PDB,suffix,CCGT,20.094,4.56984,4547674.08,1034246.1888
United Payra Power Ltd.,150.0,Western,205200.0,False,HFO,IPP,exact,ICE,15.0092,4.7112,3079887.84,966738.24
Kamalaghat 54 MW PP(Banco Energy),53.97,Eastern,200448.0,False,HFO,IPP,exact,ICE,15.0092,5.127599999999999,3008564.1216,1027817.1647999999
Barisal 110 MW PP (Summit ),110.0,Western,184320.0,False,HFO,IPP,exact,ICE,15.0092,4.833600000000001,2766495.744,890929.1520000001
Nababganj 55 MW PP (Southern power ),55.0,Eastern,184185.0,False,HFO,IPP,exact,ICE,15.0092,5.1192,2764469.502,942879.8520000001
Katakhali 50 MW Peaking PP,50.0,Western,152284.0,False,HFO,PDB,exact,ICE,15.0092,5.16,2285661.0128,785785.4400000001
Pabna 64 MW Solar Plant,64.55,Western,150688.0,False,Solar,PDB,exact,Solar PV,0.0,0.0,0.0,0.0
Intraco Solar 30 MW,30.0,Western,147261.0,False,Solar,IPP,exact,Solar PV,0.0,0.0,0.0,0.0
Sutiakhali 50 MW Solar PP,50.0,Eastern,142470.0,False,Solar,IPP,exact,Solar PV,0.0,0.0,0.0,0.0
Kanchan Purbachal Power Generation Ltd.,55.0,Eastern,133920.0,False,HFO,IPP,exact,ICE,15.0092,5.1192,2010032.064,685563.2640000001
Santahar 50 MW Peaking PP,50.0,Western,117211.0,False,HFO,PDB,exact,ICE,15.0092,5.16,1759243.3412,604808.76
Raozan 25 MW PP,25.5,Eastern,101988.0,False,HFO,IPP,exact,ICE,15.0092,5.3508000000000004,1530758.2896,545717.3904
Bhairob 54.5 MW,54.5,Eastern,90720.0,False,HFO,IPP,exact,ICE,15.0092,5.122799999999999,1361634.624,464740.4159999999
Spectra Solar Plant Ltd.,35.0,Eastern,90171.0,False,Solar,IPP,exact,Solar PV,0.0,0.0,0.0,0.0
Muktagacha Solartech Energy Ltd,20.0,Eastern,67194.0,False,Solar,IPP,exact,Solar PV,0.0,0.0,0.0,0.0
Moulvibazar 10 MW Solar Power Plant,0.0,Eastern,60260.0,False,Solar,IPP,exact,Solar PV,0.0,0.0,0.0,0.0
Chowmuhani 113 MW,113.0,Eastern,55440.0,False,HFO,IPP,exact,ICE,15.0092,4.822799999999999,832110.048,267376.03199999995
Teknaf 20MW PP (Solartech),20.0,Eastern,51570.0,False,Solar,IPP,exact,Solar PV,0.0,0.0,0.0,0.0
Madhumati 100 MW PP,105.0,Western,42912.0,False,HFO,NWPGCL,exact,ICE,15.0092,4.852799999999999,644074.7903999999,208243.35359999997
Tangail Palli Power Gen 22 MW,22.0,Eastern,42240.0,False,HFO,IPP,exact,ICE,15.0092,5.394,633988.608,227842.56
Sympa Solar Power 8 MW,8.0,Western,39833.16,False,Solar,IPP,exact,Solar PV,0.0,0.0,0.0,0.0
Bera 70 MW Peaking PP,71.0,Western,27939.0,False,HFO,PDB,exact,ICE,15.0092,5.0124,419342.0388,140041.4436
Kaptai 7 MW Solar PP,6.0,Eastern,22441.0,False,Solar,PDB,exact,Solar PV,0.0,0.0,0.0,0.0
Sirajgonj 6.55 MW Solar,6.12,Western,8280.0,False,Solar,NWPGCL,exact,Solar PV,0.0,0.0,0.0,0.0
Sarishabari 3 MW Solar Plant,2.71,Eastern,7050.0,False,Solar,IPP,exact,Solar PV,0.0,0.0,0.0,0.0
Mirsharai 150 MW BRPL (HFO),163.0,Eastern,3345.0,False,HFO,IPP,suffix,ICE,15.0092,4.6788,50205.774,15650.586
Barisal 1 MW Solar Plant,1.0,Western,2817.0,False,Solar,IPP,exact,Solar PV,0.0,0.0,0.0,0.0
Siddhirgonj 2*120 MW GTPP,210.0,Eastern,0.0,False,Gas,EGCB,exact,Steam Turbine,4.220000000000001,4.5168,0.0,0.0
Siddhirgonj 210 MW TPP,115.0,Eastern,0.0,False,Gas,PDB,exact,Steam Turbine,4.220000000000001,4.7352,0.0,0.0
Meghnaghat 450 MW CCPP (MPL),450.0,Eastern,0.0,False,Gas,IPP,exact,CCGT,3.0140000000000002,2.46,0.0,0.0
Meghnaghat CCPP(Summit)-2 (HSD),583.0,Eastern,0.0,False,HSD,IPP,suffix,CCGT,20.094,3.87156,0.0,0.0
Meghnaghat 104 MW PP (OPCL),104.0,Eastern,0.0,False,HFO,IPP,exact,ICE,15.0092,4.8564,0.0,0.0
Gagnagar 102 MW PP (Digital Power),102.0,Eastern,0.0,False,HFO,IPP,exact,ICE,15.0092,4.8636,0.0,0.0
JERA Meghnaghat Power Limited,718.0,Eastern,0.0,False,Gas,IPP,exact,ICE,3.5768000000000004,2.9688,0.0,0.0
Haripur GTPP,20.0,Eastern,0.0,False,Gas,"SBU,PDB",exact,Steam Turbine,4.220000000000001,5.4336,0.0,0.0
Ghorashal 108 MW PP (Regent),97.7,Eastern,0.0,False,Gas,IPP,exact,ICE,3.5768000000000004,3.7668000000000004,0.0,0.0
Ghorasal TPP Unit-5,190.0,Eastern,0.0,False,Gas,PDB,exact,Steam Turbine,4.220000000000001,4.5527999999999995,0.0,0.0
Ghorasal Repowered CCPP Unit-4,240.0,Eastern,0.0,False,Gas,PDB,exact,CCGT,3.0140000000000002,2.7912000000000003,0.0,0.0
Ghorasal Repowered CCPP Unit-3,260.0,Eastern,0.0,False,Gas,PDB,exact,CCGT,3.0140000000000002,2.7468000000000004,0.0,0.0
Ghorasal 365 MW CCPP Unit-7,365.0,Eastern,0.0,False,Gas,PDB,exact,CCGT,3.0140000000000002,2.5692,0.0,0.0
Chattogram TPP,360.0,Eastern,0.0,False,Gas,PDB,exact,Steam Turbine,4.220000000000001,4.2948,0.0,0.0
Tongi 80 MW GTPP,105.0,Eastern,0.0,False,Gas,PDB,exact,Steam Turbine,4.220000000000001,4.77,0.0,0.0
Mirsharai 150 MW BRPL (Gas),163.0,Eastern,0.0,False,Gas,IPP,suffix,ICE,3.5768000000000004,3.5436000000000005,0.0,0.0
Sylhet 20 MW GTPP,20.0,Eastern,0.0,False,Gas,PDB,exact,Steam Turbine,4.220000000000001,5.4336,0.0,0.0
Bibiyana South 400 MW,383.0,Eastern,0.0,False,Gas,PDB,exact,ICE,3.5768000000000004,3.1992,0.0,0.0
Fenchugonj CCPP Phase-2,90.0,Eastern,0.0,False,Gas,PDB,exact,CCGT,3.0140000000000002,3.3815999999999997,0.0,0.0
Shahjibazar 100 MW GTPP,100.0,Eastern,0.0,False,Gas,PDB,exact,Steam Turbine,4.220000000000001,4.788,0.0,0.0
Sikalbaha 225MW CCPP (HSD),225.0,Eastern,0.0,False,HSD,PDB,suffix,CCGT,20.094,4.8708,0.0,0.0
Sikalbaha Peaking GT (HSD),150.0,Eastern,0.0,False,HSD,PDB,suffix,OCGT,30.3252,8.053320000000001,0.0,0.0
Sikalbaha Peaking GT (Gas),150.0,Eastern,0.0,False,Gas,PDB,suffix,OCGT,4.461200000000001,4.329599999999999,0.0,0.0
Ashuganj 195 MW PP (APSCL-United),195.0,Eastern,0.0,False,Gas,IPP,exact,ICE,3.5768000000000004,3.468,0.0,0.0
Hathazari 100 MW peaking PP,98.0,Eastern,0.0,False,HFO,PDB,exact,ICE,15.0092,4.880400000000001,0.0,0.0
Bheramara 410 MW CCPP,410.0,Western,0.0,False,Gas,NWPGCL,exact,CCGT,3.0140000000000002,2.508,0.0,0.0
Bheramara GTPP Unit-3,16.0,Western,0.0,False,HSD,PDB,exact,Steam Turbine,31.462,8.482320000000001,0.0,0.0
Faridpur 50 MW Peaking PP,54.0,Western,0.0,False,HFO,PDB,exact,ICE,15.0092,5.127599999999999,0.0,0.0
Khulna 225 MW CCPP (HSD),230.0,Western,0.0,False,HSD,NWPGCL,suffix,CCGT,20.094,4.853640000000001,0.0,0.0
Gopalganj 100 MW Peaking PP,109.0,Western,0.0,False,HFO,PDB,exact,ICE,15.0092,4.837200000000001,0.0,0.0
RPCL 210MW CCPP,210.0,Eastern,0.0,False,Gas,RPCL,exact,CCGT,3.0140000000000002,2.8644000000000003,0.0,0.0
Khulna 330 MW CCPP (Gas),336.0,Western,0.0,False,Gas,PDB,suffix,CCGT,3.0140000000000002,2.6124,0.0,0.0
Natore 52 MW PP (Rajlanka),52.2,Western,0.0,False,HFO,IPP,exact,ICE,15.0092,5.142,0.0,0.0
Baghabari 71 MW GTPP,70.0,Western,0.0,False,Gas,PDB,exact,Steam Turbine,4.220000000000001,4.9236,0.0,0.0
Rupsha 800 MW CCPP (HSD),0.0,Western,0.0,False,HSD,,suffix-only,CCGT,20.094,4.9632000000000005,0.0,0.0
Baghabari 100 MW GTPP,100.0,Western,0.0,False,Gas,PDB,exact,Steam Turbine,4.220000000000001,4.788,0.0,0.0
Rupsha 800 MW CCPP (Gas),0.0,Western,0.0,False,Gas,,suffix-only,CCGT,3.0140000000000002,2.892,0.0,0.0
Rupsha 105 MW PP (Orion rupsha),105.0,Western,0.0,False,HFO,IPP,exact,ICE,15.0092,4.852799999999999,0.0,0.0
Khulna 225 MW CCPP (Gas),230.0,Western,0.0,False,Gas,NWPGCL,suffix,CCGT,3.0140000000000002,2.814,0.0,0.0
Sirajganj 2 MW Wind Power Plant,2.0,Western,0.0,False,Wind,PDB,exact,Wind,0.0,0.0,0.0,0.0
Sirajgonj 225MW CCPP Unit-3 (HSD),220.0,Western,0.0,False,HSD,NWPGCL,suffix,CCGT,20.094,4.8879600000000005,0.0,0.0
Sirajgonj 400 MW CCPP Unit-4 (HSD),413.792,Western,0.0,False,HSD,NWPGCL,suffix,CCGT,20.094,4.3098,0.0,0.0
Sirajgonj 225MW CCPP Unit-1 (HSD),214.0,Western,0.0,False,HSD,NWPGCL,suffix,CCGT,20.094,4.910400000000002,0.0,0.0
Sirajgonj 225MW CCPP Unit-2 (HSD),220.0,Western,0.0,False,HSD,NWPGCL,suffix,CCGT,20.094,4.8879600000000005,0.0,0.0
Saidpur 20 MW GTPP,20.0,Western,0.0,False,HSD,PDB,exact,Steam Turbine,31.462,8.323920000000001,0.0,0.0
Saidpur 150 MW Simple Cycle Power Plant,162.443,Western,0.0,False,HSD,PDB,exact,OCGT,30.3252,7.956960000000001,0.0,0.0
Rangpur 20 MW GTPP,20.0,Western,0.0,False,HSD,PDB,exact,Steam Turbine,31.462,8.323920000000001,0.0,0.0
Bhola Nutan Biddut BD LTD (HSD),220.0,Western,0.0,False,HSD,IPP,suffix,ICE,24.0728,5.019960000000001,0.0,0.0
