name,capacity_mw,area,is_import,mw_0000,mw_0100,mw_0200,mw_0300,mw_0400,mw_0500,mw_0600,mw_0700,mw_0800,mw_0900,mw_1000,mw_1100,mw_1200,mw_1300,mw_1400,mw_1500,mw_1600,mw_1700,mw_1800,mw_1900,mw_1930,mw_2000,mw_2100,mw_2200,mw_2300,total_kwh
Gagnagar 102 MW PP (Digital Power),102.0,Eastern,False,0.0,0.0,0.0,0.0,0.0,0.0,0.0,0.0,0.0,0.0,0.0,0.0,0.0,0.0,0.0,0.0,0.0,0.0,0.0,0.0,0.0,0.0,0.0,0.0,0.0,0.0
Gazipur 100 MW PP,105.0,Eastern,False,35.0,60.0,88.0,88.0,88.0,88.0,88.0,70.0,50.0,50.0,34.0,34.0,34.0,17.0,17.0,17.0,17.0,17.0,17.0,105.0,105.0,88.0,70.0,70.0,70.0,1331098.0
Gazipur 52 MW PP,52.194,Eastern,False,33.0,33.0,33.0,33.0,33.0,33.0,33.0,33.0,33.0,33.0,33.0,16.0,16.0,8.0,8.0,8.0,8.0,8.0,8.0,8.0,8.0,8.0,8.0,25.0,33.0,531274.0
Ghorasal 365 MW CCPP Unit-7,365.0,Eastern,False,0.0,0.0,0.0,0.0,0.0,0.0,0.0,0.0,0.0,0.0,0.0,0.0,0.0,0.0,0.0,0.0,0.0,0.0,0.0,0.0,0.0,0.0,0.0,0.0,0.0,0.0
Ghorasal Repowered CCPP Unit-3,260.0,Eastern,False,0.0,0.0,0.0,0.0,0.0,0.0,0.0,0.0,0.0,0.0,0.0,0.0,0.0,0.0,0.0,0.0,0.0,0.0,0.0,0.0,0.0,0.0,0.0,0.0,0.0,0.0
Ghorasal Repowered CCPP Unit-4,240.0,Eastern,False,0.0,0.0,0.0,0.0,0.0,0.0,0.0,0.0,0.0,0.0,0.0,0.0,0.0,0.0,0.0,0.0,0.0,0.0,0.0,0.0,0.0,0.0,0.0,0.0,0.0,0.0
Ghorasal TPP Unit-5,190.0,Eastern,False,0.0,0.0,0.0,0.0,0.0,0.0,0.0,0.0,0.0,0.0,0.0,0.0,0.0,0.0,0.0,0.0,0.0,0.0,0.0,0.0,0.0,0.0,0.0,0.0,0.0,0.0
Ghorashal 108 MW PP (Regent),97.7,Eastern,False,0.0,0.0,0.0,0.0,0.0,0.0,0.0,0.0,0.0,0.0,0.0,0.0,0.0,0.0,0.0,0.0,0.0,0.0,0.0,0.0,0.0,0.0,0.0,0.0,0.0,0.0
Haripur 412 MW CCPP,412.0,Eastern,False,371.0,355.0,334.0,312.0,308.0,290.0,305.0,305.0,300.0,347.0,369.0,334.0,370.0,400.0,406.0,405.0,405.0,380.0,380.0,406.0,411.0,410.0,410.0,411.0,410.0,8823600.0
Haripur GTPP,20.0,Eastern,False,0.0,0.0,0.0,0.0,0.0,0.0,0.0,0.0,0.0,0.0,0.0,0.0,0.0,0.0,0.0,0.0,0.0,0.0,0.0,0.0,0.0,0.0,0.0,0.0,0.0,0.0
JERA Meghnaghat Power Limited,718.0,Eastern,False,0.0,0.0,0.0,0.0,0.0,0.0,0.0,0.0,0.0,0.0,0.0,0.0,0.0,0.0,0.0,0.0,0.0,0.0,0.0,0.0,0.0,0.0,0.0,0.0,0.0,0.0
Kamalaghat 54 MW PP(Banco Energy),53.97,Eastern,False,17.0,0.0,0.0,0.0,0.0,0.0,0.0,0.0,0.0,0.0,0.0,0.0,0.0,0.0,0.0,0.0,17.0,17.0,15.8,15.8,35.0,35.0,35.0,35.0,16.5,200448.0
Kanchan Purbachal Power Generation Ltd.,55.0,Eastern,False,0.0,0.0,0.0,0.0,0.0,0.0,0.0,0.0,0.0,0.0,0.0,0.0,0.0,0.0,0.0,0.0,0.0,5.0,17.0,17.0,17.0,17.0,17.0,17.0,17.0,133920.0
Kodda 149 MW PP Unit-1 (Summit),149.0,Eastern,False,134.0,73.0,55.0,52.0,52.0,52.0,52.0,52.0,52.0,52.0,52.0,52.0,52.0,52.0,52.0,52.0,52.0,74.0,95.0,110.0,115.0,115.0,115.0,115.0,115.0,1739520.0
Kodda 150 MW PP BRPL,149.36,Eastern,False,120.0,146.0,147.0,147.0,147.0,147.0,147.0,147.0,129.0,146.0,145.0,145.0,144.0,144.0,45.0,47.0,48.0,48.0,48.0,149.0,149.0,130.0,130.0,130.0,145.0,2940960.0
Kodda 300 MW PP Unit-2 (Summit),300.0,Eastern,False,145.0,145.0,145.0,145.0,30.0,30.0,0.0,0.0,0.0,0.0,0.0,0.0,146.0,146.0,146.0,146.0,146.0,45.0,45.0,45.0,195.0,195.0,45.0,15.0,15.0,1814575.0
Madanganj-55 MW PP(Summit),55.0,Eastern,False,15.0,15.0,15.0,15.0,15.0,15.0,15.0,15.0,15.0,15.0,15.0,15.0,15.0,15.0,15.0,15.0,15.0,15.0,15.0,15.0,15.0,15.0,15.0,15.0,15.0,380969.0
Manikganj 55 MW PP (Northern),55.0,Eastern,False,35.0,35.0,35.0,0.0,0.0,0.0,0.0,0.0,0.0,0.0,17.0,0.0,0.0,0.0,0.0,27.0,35.0,35.0,35.0,35.0,35.0,35.0,35.0,35.0,35.0,418474.0
Manikgonj 162MW PP(MPGL),162.0,Eastern,False,35.0,35.0,0.0,0.0,0.0,0.0,0.0,0.0,0.0,17.0,17.0,17.0,17.0,17.0,17.0,17.0,17.0,54.0,54.0,108.0,108.0,108.0,72.0,35.0,47.0,660960.0
Meghnaghat 104 MW PP (OPCL),104.0,Eastern,False,0.0,0.0,0.0,0.0,0.0,0.0,0.0,0.0,0.0,0.0,0.0,0.0,0.0,0.0,0.0,0.0,0.0,0.0,0.0,0.0,0.0,0.0,0.0,0.0,0.0,0.0
Meghnaghat 450 MW CCPP (MPL),450.0,Eastern,False,0.0,0.0,0.0,0.0,0.0,0.0,0.0,0.0,0.0,0.0,0.0,0.0,0.0,0.0,0.0,0.0,0.0,0.0,0.0,0.0,0.0,0.0,0.0,0.0,0.0,0.0
Meghnaghat CCPP(Summit),335.0,Eastern,False,20.0,20.0,106.0,141.0,141.0,145.0,142.0,140.0,144.0,146.0,152.0,168.0,269.0,302.0,300.0,267.0,250.0,250.0,250.0,250.0,250.0,250.0,300.0,302.0,308.0,4897745.0
Meghnaghat CCPP(Summit)-2 (Gas),583.0,Eastern,False,555.0,550.0,550.0,515.0,440.0,480.0,495.0,495.0,495.0,480.0,495.0,515.0,535.0,485.0,465.0,480.0,520.0,530.0,410.0,415.0,417.0,420.0,440.0,440.0,455.0,11658399.0
Meghnaghat CCPP(Summit)-2 (HSD),583.0,Eastern,False,0.0,0.0,0.0,0.0,0.0,0.0,0.0,0.0,0.0,0.0,0.0,0.0,0.0,0.0,0.0,0.0,0.0,0.0,0.0,0.0,0.0,0.0,0.0,0.0,0.0,0.0
Nababganj 55 MW PP (Southern power ),55.0,Eastern,False,0.0,0.0,0.0,0.0,0.0,0.0,0.0,0.0,0.0,0.0,0.0,0.0,0.0,0.0,0.0,0.0,17.0,35.0,17.0,25.0,35.0,35.0,35.0,17.0,17.0,184185.0
Siddhirganj 335 MW CCPP,335.0,Eastern,False,300.0,300.0,295.0,290.0,286.0,288.0,297.0,299.0,299.0,305.0,305.0,295.0,297.0,324.0,320.0,322.0,320.0,325.0,325.0,280.0,329.0,328.0,328.0,328.0,328.0,7444058.0
Siddhirgonj 2*120 MW GTPP,210.0,Eastern,False,0.0,0.0,0.0,0.0,0.0,0.0,0.0,0.0,0.0,0.0,0.0,0.0,0.0,0.0,0.0,0.0,0.0,0.0,0.0,0.0,0.0,0.0,0.0,0.0,0.0,0.0
Siddhirgonj 210 MW TPP,115.0,Eastern,False,0.0,0.0,0.0,0.0,0.0,0.0,0.0,0.0,0.0,0.0,0.0,0.0,0.0,0.0,0.0,0.0,0.0,0.0,0.0,0.0,0.0,0.0,0.0,0.0,0.0,0.0
Spectra Solar Plant Ltd.,35.0,Eastern,False,0.0,0.0,0.0,0.0,0.0,0.0,0.0,1.0,1.0,5.0,5.0,1.0,9.0,23.0,14.0,15.0,16.0,7.0,2.0,0.0,0.0,0.0,0.0,0.0,0.0,90171.0
Sreepur 150 MW PP BRPL,160.0,Eastern,False,142.0,142.0,142.0,142.0,142.0,142.0,142.0,142.0,142.0,142.0,51.0,34.0,34.0,17.0,17.0,17.0,17.0,17.0,27.0,36.0,55.0,63.0,108.0,143.0,143.0,2298000.0
Summit Power Ashulia,33.75,Eastern,False,16.5,16.5,16.5,16.5,16.5,16.5,16.5,16.5,16.5,16.5,16.5,16.5,16.5,16.5,16.5,16.0,16.0,16.0,16.0,15.5,15.5,15.5,15.5,15.5,15.5,394800.0
Summit Power Madhabdi,23.0,Eastern,False,21.0,21.0,21.0,21.0,21.0,21.0,21.0,21.0,21.0,21.0,0.0,21.0,21.0,21.0,21.0,21.0,21.0,21.0,21.0,21.0,21.0,21.0,21.0,21.0,21.0,492120.0
Tongi 80 MW GTPP,105.0,Eastern,False,0.0,0.0,0.0,0.0,0.0,0.0,0.0,0.0,0.0,0.0,0.0,0.0,0.0,0.0,0.0,0.0,0.0,0.0,0.0,0.0,0.0,0.0,0.0,0.0,0.0,0.0
Unique Meghnaghat Power Limited (UMPL),584.0,Eastern,False,520.0,440.0,410.0,400.0,400.0,480.0,440.0,440.0,440.0,460.0,490.0,530.0,520.0,440.0,480.0,470.0,415.0,390.0,410.0,435.0,400.0,400.0,440.0,440.0,460.0,10751818.18
Anlima Energy Ltd.,116.0,Eastern,False,15.0,63.0,58.0,55.0,0.0,0.0,0.0,0.0,0.0,0.0,0.0,0.0,1.0,15.0,15.0,35.0,47.0,15.0,15.0,13.0,15.0,13.0,13.0,15.0,15.0,446731.0
Anwara 300 MW PP (United),300.0,Eastern,False,16.0,16.0,16.0,16.0,0.0,0.0,0.0,0.0,0.0,0.0,0.0,0.0,5.0,16.0,16.0,16.0,16.0,16.0,16.0,16.0,16.0,16.0,16.0,16.0,16.0,244385.0
Chattogram 108 MW PP (ECPV),108.0,Eastern,False,50.0,33.0,27.0,24.0,24.0,25.0,24.0,24.0,24.0,23.0,0.0,0.0,5.0,21.0,24.0,26.0,30.0,28.0,31.0,44.0,78.0,79.0,64.0,63.0,63.0,779064.0
Chattogram TPP,360.0,Eastern,False,0.0,0.0,0.0,0.0,0.0,0.0,0.0,0.0,0.0,0.0,0.0,0.0,0.0,0.0,0.0,0.0,0.0,0.0,0.0,0.0,0.0,0.0,0.0,0.0,0.0,0.0
Cox's Bazar Wind,60.0,Eastern,False,3.0,2.0,2.0,2.0,9.0,10.0,3.0,4.0,3.0,2.0,9.0,13.0,53.0,27.0,28.0,35.0,26.0,50.0,11.0,1.0,9.0,16.0,37.0,23.0,19.0,403200.0
Dohazari -Kalaish 100 MW Peaking,102.0,Eastern,False,50.0,50.0,0.0,0.0,0.0,0.0,0.0,0.0,0.0,0.0,0.0,0.0,0.0,0.0,0.0,0.0,0.0,0.0,0.0,47.0,50.0,50.0,50.0,50.0,50.0,345280.0
Hathazari 100 MW peaking PP,98.0,Eastern,False,0.0,0.0,0.0,0.0,0.0,0.0,0.0,0.0,0.0,0.0,0.0,0.0,0.0,0.0,0.0,0.0,0.0,0.0,0.0,0.0,0.0,0.0,0.0,0.0,0.0,0.0
Jodiac Power,54.363,Eastern,False,18.0,18.0,18.0,18.0,18.0,0.0,0.0,0.0,0.0,0.0,0.0,0.0,0.0,0.0,0.0,0.0,3.0,18.0,18.0,20.0,54.36,54.36,54.36,54.36,37.0,395805.0
Juldah 100 MW PP Unit-3 (Acorn),100.0,Eastern,False,12.0,12.0,12.0,12.0,12.0,12.0,12.0,12.0,12.0,12.0,12.0,12.0,12.0,12.0,12.0,12.0,12.0,12.0,12.0,12.0,12.0,12.0,12.0,12.0,12.0,297600.0
Juldah unit-2 (Acorn),100.0,Eastern,False,12.0,12.0,12.0,12.0,12.0,12.0,12.0,12.0,12.0,12.0,12.0,12.0,12.0,12.0,12.0,12.0,12.0,12.0,12.0,12.0,12.0,12.0,12.0,12.0,12.0,288960.0
Kaptai 7 MW Solar PP,6.0,Eastern,False,0.0,0.0,0.0,0.0,0.0,0.0,0.07,0.55,1.3,2.21,3.17,3.14,3.33,1.59,1.31,2.17,1.49,0.36,0.27,0.0,0.0,0.0,0.0,0.0,0.0,22441.0
"Karnaphuli Hydro PP Unit-1,2,3,4, 5",230.0,Eastern,False,100.0,99.0,97.0,95.0,95.0,95.0,96.0,96.0,98.0,98.0,99.0,99.0,99.0,98.0,96.0,93.0,91.0,92.0,95.0,96.0,97.0,97.0,98.0,98.0,98.0,2313940.0
Karnaphuli Power Ltd.,110.0,Eastern,False,55.0,106.0,105.0,107.0,51.0,51.0,17.0,17.0,17.0,17.0,17.0,17.0,31.0,83.0,101.0,107.0,109.0,85.0,34.0,42.0,68.0,100.0,105.0,106.0,109.0,1732944.0
"Malancha, Ctg. EPZ (United)",42.0,Eastern,False,21.0,26.0,26.0,19.0,19.0,20.0,21.0,20.0,3.0,2.0,0.0,2.0,2.0,2.0,2.0,2.0,2.0,5.0,8.0,8.0,13.0,20.0,28.0,32.0,34.0,329280.0
Matarbari 2*600 MW (CPGCBL),1150.0,Eastern,False,1135.0,1135.0,1135.0,1135.0,1135.0,940.0,850.0,858.0,855.0,850.0,870.0,1025.0,1135.0,1135.0,1135.0,1125.0,1125.0,1125.0,1125.0,1125.0,1125.0,1135.0,1135.0,1135.0,1135.0,25447272.73
Mirsharai 150 MW BRPL (HFO),163.0,Eastern,False,0.0,0.0,0.0,0.0,0.0,0.0,0.0,0.0,0.0,0.0,0.0,0.0,0.0,0.0,0.0,0.0,0.0,2.0,0.0,0.0,0.0,0.0,0.0,0.0,0.0,3345.0
Mirsharai 150 MW BRPL (Gas),163.0,Eastern,False,0.0,0.0,0.0,0.0,0.0,0.0,0.0,0.0,0.0,0.0,0.0,0.0,0.0,0.0,0.0,0.0,0.0,0.0,0.0,0.0,0.0,0.0,0.0,0.0,0.0,0.0
Patenga 50MW PP (Baraka),50.0,Eastern,False,6.0,6.0,6.0,6.0,6.0,6.0,6.0,6.0,6.0,6.0,6.0,0.0,6.0,18.0,18.0,19.0,37.0,19.0,21.0,20.0,50.0,50.0,50.0,50.0,50.0,500160.0
Raozan 25 MW PP,25.5,Eastern,False,0.0,0.0,0.0,0.0,0.0,0.0,0.0,0.0,0.0,0.0,0.0,0.0,1.0,8.0,8.0,8.0,8.0,8.0,8.0,8.0,8.0,8.0,8.0,8.0,8.0,101988.0
Sikalbaha 105 MW PP (Baraka Sikalbaha),105.0,Eastern,False,0.0,0.0,0.0,0.0,15.0,0.0,0.0,0.0,0.0,0.0,0.0,0.0,9.0,62.0,90.0,90.0,90.0,51.0,34.0,38.0,88.0,88.0,90.0,90.0,90.0,993599.0
Sikalbaha 225MW CCPP (Gas),225.0,Eastern,False,220.0,219.0,220.0,220.0,220.0,219.0,218.0,218.0,218.0,217.0,216.0,214.0,214.0,214.0,214.0,216.0,218.0,217.0,217.0,216.0,218.0,217.0,217.0,218.0,218.0,5143206.0
Sikalbaha 225MW CCPP (HSD),225.0,Eastern,False,0.0,0.0,0.0,0.0,0.0,0.0,0.0,0.0,0.0,0.0,0.0,0.0,0.0,0.0,0.0,0.0,0.0,0.0,0.0,0.0,0.0,0.0,0.0,0.0,0.0,0.0
Sikalbaha Peaking GT (Gas),150.0,Eastern,False,0.0,0.0,0.0,0.0,0.0,0.0,0.0,0.0,0.0,0.0,0.0,0.0,0.0,0.0,0.0,0.0,0.0,0.0,0.0,0.0,0.0,0.0,0.0,0.0,0.0,0.0
Sikalbaha Peaking GT (HSD),150.0,Eastern,False,0.0,0.0,0.0,0.0,0.0,0.0,0.0,0.0,0.0,0.0,0.0,0.0,0.0,0.0,0.0,0.0,0.0,0.0,0.0,0.0,0.0,0.0,0.0,0.0,0.0,0.0
SS Power,1224.0,Eastern,False,1165.0,1164.0,1160.0,1162.0,1160.0,1160.0,1050.0,1052.0,1050.0,1060.0,1145.0,1160.0,1160.0,1160.0,1160.0,1185.0,1160.0,1110.0,1100.0,1120.0,1115.0,1145.0,1160.0,1160.0,1162.0,27234543.0
Teknaf 20MW PP (Solartech),20.0,Eastern,False,0.0,0.0,0.0,0.0,0.0,0.0,1.0,4.0,6.0,7.0,7.0,3.0,5.0,2.0,5.0,6.0,5.0,2.0,0.0,0.0,0.0,0.0,0.0,0.0,0.0,51570.0
Ashuganj 150MW PP (Midland),150.0,Eastern,False,12.0,12.0,12.0,12.0,0.0,0.0,0.0,0.0,0.0,0.0,0.0,0.0,26.0,53.0,53.0,51.0,48.0,30.0,20.0,26.0,70.0,70.0,70.0,50.0,30.0,677454.0
Ashuganj 195 MW PP (APSCL-United),195.0,Eastern,False,0.0,0.0,0.0,0.0,0.0,0.0,0.0,0.0,0.0,0.0,0.0,0.0,0.0,0.0,0.0,0.0,0.0,0.0,0.0,0.0,0.0,0.0,0.0,0.0,0.0,0.0
Ashuganj 420 MW CCPP(East),393.0,Eastern,False,250.0,250.0,230.0,230.0,230.0,230.0,230.0,230.0,230.0,230.0,230.0,230.0,230.0,230.0,230.0,230.0,230.0,230.0,230.0,230.0,230.0,230.0,230.0,230.0,230.0,5718500.0
Ashuganj 450 MW CCPP(North),350.01,Eastern,False,320.0,320.0,290.0,290.0,290.0,290.0,290.0,290.0,290.0,290.0,290.0,290.0,290.0,290.0,290.0,290.0,290.0,290.0,290.0,290.0,290.0,290.0,290.0,290.0,290.0,7361600.0
Ashuganj 450 MW CCPP(South),342.01,Eastern,False,300.0,300.0,280.0,280.0,280.0,280.0,280.0,240.0,240.0,240.0,240.0,240.0,240.0,240.0,240.0,240.0,240.0,240.0,240.0,240.0,240.0,240.0,240.0,240.0,240.0,6158000.0
Ashuganj 51 MW PP (Midland),51.0,Eastern,False,51.0,51.0,51.0,51.0,51.0,51.0,51.0,51.0,51.0,51.0,51.0,51.0,51.0,51.0,51.0,51.0,51.0,51.0,51.0,51.0,51.0,51.0,51.0,51.0,51.0,1164864.0
Ashuganj 55 MW PP (Precision),52.824,Eastern,False,15.0,41.0,43.0,45.0,45.0,46.0,47.0,20.0,20.0,20.0,20.0,25.0,25.0,25.0,25.0,25.0,25.0,25.0,25.0,25.0,25.0,25.0,25.0,25.0,25.0,713280.0
Ashuganj CCPP 225 MW,221.25,Eastern,False,215.0,216.0,204.0,185.0,182.0,172.0,166.0,197.0,216.0,217.0,217.0,216.0,215.0,213.0,213.0,204.0,200.0,195.0,202.0,202.0,189.0,192.0,198.0,200.0,201.0,4934000.0
Ashuganj TSK 50 MW PP,46.701,Eastern,False,37.0,37.0,37.0,37.0,37.0,37.0,37.0,37.0,37.0,40.0,40.0,40.0,37.0,40.0,39.0,36.0,39.0,39.0,39.0,39.0,40.0,40.0,37.0,40.0,40.0,922464.0
Chandpur 115(Doreen),115.0,Eastern,False,58.0,51.0,0.0,0.0,0.0,0.0,0.0,0.0,0.0,0.0,0.0,0.0,0.0,24.0,34.0,34.0,33.0,17.0,17.0,22.0,90.0,81.0,50.0,47.0,48.0,581760.0
Chandpur 150 MW CCPP,163.0,Eastern,False,140.0,140.0,140.0,140.0,140.0,140.0,140.0,140.0,140.0,140.0,140.0,139.0,138.0,136.0,136.0,136.0,135.0,136.0,136.0,136.0,137.0,136.0,136.0,138.0,140.0,3422747.0
Chandpur 200MW (Desh energy),200.0,Eastern,False,24.0,51.0,32.0,17.0,17.0,17.0,17.0,17.0,17.0,0.0,0.0,0.0,22.0,96.0,96.0,97.0,96.0,17.0,17.0,18.0,68.0,34.0,17.0,17.0,16.0,867360.0
Chowmuhani 113 MW,113.0,Eastern,False,0.0,0.0,0.0,0.0,0.0,0.0,0.0,0.0,0.0,0.0,0.0,0.0,0.0,0.0,0.0,0.0,0.0,2.0,8.0,8.0,8.0,9.0,8.0,9.0,9.0,55440.0
Cumilla 25 MW PP (Summit),25.0,Eastern,False,19.0,19.0,19.0,14.0,14.0,6.0,11.0,11.0,11.0,11.0,17.0,17.0,17.0,17.0,17.0,17.0,17.0,17.0,17.0,17.0,17.0,17.0,17.0,17.0,17.0,385080.0
Feni Lanka Power,114.0,Eastern,False,15.0,48.0,45.0,43.0,46.0,47.0,17.0,16.0,14.0,0.0,0.0,0.0,66.0,97.0,97.0,93.0,96.0,34.0,17.0,40.0,64.0,45.0,16.0,15.0,15.0,949620.0
Import (Tripura),160.0,Eastern,True,160.0,156.0,152.0,144.0,148.0,144.0,140.0,136.0,132.0,138.0,136.0,148.0,156.0,162.0,160.0,158.0,162.0,160.0,154.0,168.0,168.0,162.0,162.0,164.0,166.0,3628800.0
Jangalia 52 MW PP (Lakdanavi),52.2,Eastern,False,0.0,16.0,52.0,52.0,0.0,0.0,0.0,0.0,0.0,0.0,0.0,0.0,0.0,20.0,43.0,52.2,52.2,8.0,8.0,8.0,25.0,8.0,8.0,8.0,8.0,400282.0
Sonagazi 75 MW (AC) Solar Power Plant,75.0,Eastern,False,0.0,0.0,0.0,0.0,0.0,0.0,5.0,4.0,15.0,25.0,21.0,40.0,44.0,68.0,62.0,57.0,44.0,14.0,7.0,0.0,0.0,0.0,0.0,0.0,0.0,415673.0
Titas 50 MW Peaking PP,52.0,Eastern,False,16.0,16.0,16.0,16.0,16.0,16.0,16.0,16.0,16.0,16.0,16.0,16.0,24.0,23.0,24.0,24.0,24.0,23.0,23.0,23.0,23.0,23.0,23.0,23.0,16.0,460336.0
Bibiana-II 341 MW CCPP (Summit),341.0,Eastern,False,310.0,310.0,305.0,310.0,310.0,310.0,305.0,305.0,305.0,310.0,310.0,305.0,310.0,305.0,305.0,310.0,315.0,315.0,315.0,320.0,320.0,320.0,315.0,320.0,320.0,7510000.0
Bibiyana South 400 MW,383.0,Eastern,False,0.0,0.0,0.0,0.0,0.0,0.0,0.0,0.0,0.0,0.0,0.0,0.0,0.0,0.0,0.0,0.0,0.0,0.0,0.0,0.0,0.0,0.0,0.0,0.0,0.0,0.0
Bibiyana-III 400 MW CCPP,400.0,Eastern,False,269.0,274.0,274.0,284.0,295.0,307.0,307.0,308.0,308.0,308.0,308.0,308.0,307.0,307.0,307.0,270.0,258.0,258.0,258.0,270.0,270.0,270.0,245.0,244.0,244.0,6858000.0
Fenchugonj CCPP Phase-1,90.0,Eastern,False,29.0,29.0,29.0,29.0,29.0,29.0,29.0,29.0,29.0,29.0,29.0,29.0,29.0,29.0,29.0,29.0,29.0,29.0,29.0,29.0,29.0,29.0,29.0,29.0,29.0,692000.0
Fenchugonj CCPP Phase-2,90.0,Eastern,False,0.0,0.0,0.0,0.0,0.0,0.0,0.0,0.0,0.0,0.0,0.0,0.0,0.0,0.0,0.0,0.0,0.0,0.0,0.0,0.0,0.0,0.0,0.0,0.0,0.0,0.0
Kushiara 163 MW CCPP (KP),163.0,Eastern,False,150.0,143.0,133.0,122.0,123.0,136.0,140.0,139.0,136.0,141.0,141.0,148.0,149.0,139.0,141.0,145.0,141.0,133.0,122.0,128.0,131.0,124.0,133.0,132.0,135.0,3264954.55
Moulvibazar 10 MW Solar Power Plant,0.0,Eastern,False,0.0,0.0,0.0,0.0,0.0,0.0,0.0,1.0,2.0,4.0,8.0,10.0,6.0,7.0,11.0,10.0,3.0,2.0,1.0,0.0,0.0,0.0,0.0,0.0,0.0,60260.0
Shahjahanulla 25 MW PP,25.0,Eastern,False,16.0,16.0,16.0,16.0,16.0,16.0,16.0,4.0,16.0,16.0,16.0,16.0,16.0,16.0,16.0,16.0,16.0,16.0,16.0,16.0,16.0,16.0,16.0,16.0,16.0,364320.0
Shahjibazar 100 MW GTPP,100.0,Eastern,False,0.0,0.0,0.0,0.0,0.0,0.0,0.0,0.0,0.0,0.0,0.0,0.0,0.0,0.0,0.0,0.0,0.0,0.0,0.0,0.0,0.0,0.0,0.0,0.0,0.0,0.0
Shahjibazar 86MW PP (Shahjibazar),86.0,Eastern,False,85.0,85.0,85.0,84.0,84.0,85.0,85.0,52.0,52.0,52.0,52.0,52.0,52.0,52.0,52.0,52.0,52.0,52.0,52.0,52.0,83.0,83.0,83.0,82.0,83.0,1604160.0
Shahjibazar GTPP Unit- 8 & 9,66.0,Eastern,False,25.0,25.0,25.0,25.0,25.0,25.0,25.0,28.0,28.0,28.0,28.0,28.0,30.0,30.0,28.0,25.0,25.0,28.0,30.0,25.0,28.0,28.0,25.0,25.0,25.0,639456.0
Shajibazar 330 MW CCPP,330.0,Eastern,False,143.0,143.0,141.0,141.0,140.0,142.0,142.0,143.0,143.0,142.0,142.0,143.0,141.0,140.0,142.0,143.0,141.0,141.0,142.0,141.0,142.0,142.0,142.0,143.0,142.0,3255300.0
Sylhet 20 MW GTPP,20.0,Eastern,False,0.0,0.0,0.0,0.0,0.0,0.0,0.0,0.0,0.0,0.0,0.0,0.0,0.0,0.0,0.0,0.0,0.0,0.0,0.0,0.0,0.0,0.0,0.0,0.0,0.0,0.0
Sylhet 225 MW CCPP,231.0,Eastern,False,101.0,101.0,101.0,101.0,101.0,101.0,101.0,101.0,101.0,101.0,101.0,101.0,101.0,101.0,100.0,100.0,100.0,100.0,100.0,101.0,100.0,101.0,101.0,100.0,98.0,2414770.0
Bhairob 54.5 MW,54.5,Eastern,False,0.0,0.0,0.0,0.0,0.0,0.0,0.0,0.0,0.0,0.0,0.0,0.0,0.0,0.0,0.0,0.0,0.0,0.0,0.0,1.0,17.0,17.0,17.0,17.0,17.0,90720.0
Jamalpur 115 MW PP (United),115.0,Eastern,False,79.0,9.0,9.0,9.0,9.0,9.0,37.0,47.0,47.0,47.0,48.0,48.0,58.0,58.0,58.0,58.0,58.0,58.0,58.0,67.0,78.0,78.0,88.0,88.0,88.0,1212000.0
Muktagacha Solartech Energy Ltd,20.0,Eastern,False,0.0,0.0,0.0,0.0,0.0,0.0,0.4,2.4,6.23,2.63,8.6,16.21,13.75,9.2,2.62,2.3,1.4,2.3,1.3,0.0,0.0,0.0,0.0,0.0,0.0,67194.0
Mymensingh 200 MW PP (United),200.0,Eastern,False,107.0,48.0,48.0,48.0,48.0,48.0,48.0,48.0,48.0,48.0,48.0,48.0,66.0,67.0,68.0,68.0,68.0,68.0,68.0,86.0,107.0,107.0,117.0,117.0,117.0,1639200.0
RPCL 210MW CCPP,210.0,Eastern,False,0.0,0.0,0.0,0.0,0.0,0.0,0.0,0.0,0.0,0.0,0.0,0.0,0.0,0.0,0.0,0.0,0.0,0.0,0.0,0.0,0.0,0.0,0.0,0.0,0.0,0.0
Sarishabari 3 MW Solar Plant,2.71,Eastern,False,0.0,0.0,0.0,0.0,0.0,0.0,0.0,0.2,0.3,0.4,0.6,2.0,2.3,1.5,0.6,0.6,0.1,0.1,0.1,0.0,0.0,0.0,0.0,0.0,0.0,7050.0
Sutiakhali 50 MW Solar PP,50.0,Eastern,False,0.0,0.0,0.0,0.0,0.0,0.0,0.71,2.16,4.1,5.62,20.41,23.95,43.49,2.0,14.94,10.71,7.65,5.43,2.5,0.0,0.0,0.0,0.0,0.0,0.0,142470.0
Tangail Palli Power Gen 22 MW,22.0,Eastern,False,0.0,0.0,0.0,0.0,0.0,0.0,0.0,0.0,0.0,0.0,0.0,0.0,0.0,0.0,0.0,0.0,8.0,10.0,10.0,12.0,0.0,0.0,0.0,0.0,0.0,42240.0
Bheramara (HVDC ),1000.0,Western,True,843.0,843.0,843.0,844.0,844.0,844.0,844.0,843.0,843.0,843.0,843.0,843.0,519.0,520.0,508.0,507.0,507.0,717.0,902.0,903.0,903.0,903.0,904.0,903.0,905.0,19010909.0
Bheramara 410 MW CCPP,410.0,Western,False,0.0,0.0,0.0,0.0,0.0,0.0,0.0,0.0,0.0,0.0,0.0,0.0,0.0,0.0,0.0,0.0,0.0,0.0,0.0,0.0,0.0,0.0,0.0,0.0,0.0,0.0
Bheramara GTPP Unit-3,16.0,Western,False,0.0,0.0,0.0,0.0,0.0,0.0,0.0,0.0,0.0,0.0,0.0,0.0,0.0,0.0,0.0,0.0,0.0,0.0,0.0,0.0,0.0,0.0,0.0,0.0,0.0,0.0
Faridpur 50 MW Peaking PP,54.0,Western,False,0.0,0.0,0.0,0.0,0.0,0.0,0.0,0.0,0.0,0.0,0.0,0.0,0.0,0.0,0.0,0.0,0.0,0.0,0.0,0.0,0.0,0.0,0.0,0.0,0.0,0.0
Gopalganj 100 MW Peaking PP,109.0,Western,False,0.0,0.0,0.0,0.0,0.0,0.0,0.0,0.0,0.0,0.0,0.0,0.0,0.0,0.0,0.0,0.0,0.0,0.0,0.0,0.0,0.0,0.0,0.0,0.0,0.0,0.0
HVDC(Nepal),40.0,Western,True,38.0,38.0,38.0,38.0,38.0,38.0,38.0,38.0,38.0,38.0,38.0,38.0,38.0,38.0,38.0,38.0,38.0,38.0,38.0,38.0,38.0,38.0,38.0,38.0,38.0,912000.0
Khulna 225 MW CCPP (HSD),230.0,Western,False,0.0,0.0,0.0,0.0,0.0,0.0,0.0,0.0,0.0,0.0,0.0,0.0,0.0,0.0,0.0,0.0,0.0,0.0,0.0,0.0,0.0,0.0,0.0,0.0,0.0,0.0
Khulna 225 MW CCPP (Gas),230.0,Western,False,0.0,0.0,0.0,0.0,0.0,0.0,0.0,0.0,0.0,0.0,0.0,0.0,0.0,0.0,0.0,0.0,0.0,0.0,0.0,0.0,0.0,0.0,0.0,0.0,0.0,0.0
Khulna 330 MW CCPP (HSD),336.0,Western,False,100.0,101.0,100.0,0.0,0.0,0.0,0.0,0.0,0.0,0.0,0.0,0.0,0.0,0.0,0.0,0.0,0.0,0.0,0.0,0.0,0.0,0.0,0.0,0.0,0.0,226320.0
Khulna 330 MW CCPP (Gas),336.0,Western,False,0.0,0.0,0.0,0.0,0.0,0.0,0.0,0.0,0.0,0.0,0.0,0.0,0.0,0.0,0.0,0.0,0.0,0.0,0.0,0.0,0.0,0.0,0.0,0.0,0.0,0.0
Madhumati 100 MW PP,105.0,Western,False,0.0,0.0,0.0,0.0,0.0,0.0,0.0,0.0,0.0,0.0,0.0,0.0,0.0,0.0,0.0,0.0,0.0,0.0,0.0,15.0,15.0,15.0,15.0,0.0,0.0,42912.0
Mongla Orion 100 MW Solar PP,100.0,Western,False,0.0,0.0,0.0,0.0,0.0,0.0,3.51,8.84,40.8,20.0,53.0,75.0,30.0,63.0,34.0,39.0,22.0,15.0,13.0,0.0,0.0,0.0,0.0,0.0,0.0,410969.0
Rampal 1320 MW (BIFPCL),1234.2,Western,False,900.0,900.0,900.0,890.0,891.0,900.0,900.0,900.0,900.0,888.0,860.0,815.0,768.0,830.0,854.0,897.0,900.0,900.0,821.0,814.0,868.0,939.0,1033.0,1098.0,1100.0,21810910.0
Rupsha 105 MW PP (Orion rupsha),105.0,Western,False,0.0,0.0,0.0,0.0,0.0,0.0,0.0,0.0,0.0,0.0,0.0,0.0,0.0,0.0,0.0,0.0,0.0,0.0,0.0,0.0,0.0,0.0,0.0,0.0,0.0,0.0
Rupsha 800 MW CCPP (Gas),0.0,Western,False,0.0,0.0,0.0,0.0,0.0,0.0,0.0,0.0,0.0,0.0,0.0,0.0,0.0,0.0,0.0,0.0,0.0,0.0,0.0,0.0,0.0,0.0,0.0,0.0,0.0,0.0
Rupsha 800 MW CCPP (HSD),0.0,Western,False,0.0,0.0,0.0,0.0,0.0,0.0,0.0,0.0,0.0,0.0,0.0,0.0,0.0,0.0,0.0,0.0,0.0,0.0,0.0,0.0,0.0,0.0,0.0,0.0,0.0,0.0
Adani Power Jharkhanda Ltd,1469.13,Western,True,1437.18,1367.3,1280.95,1257.91,1251.0,1263.14,1280.39,1281.91,1284.89,1285.31,1292.66,1273.62,1295.65,1236.01,1293.82,1201.2,1228.82,1329.17,1200.37,1298.66,1432.34,1464.7,1474.84,1475.46,1475.4,33521369.0
Baghabari 100 MW GTPP,100.0,Western,False,0.0,0.0,0.0,0.0,0.0,0.0,0.0,0.0,0.0,0.0,0.0,0.0,0.0,0.0,0.0,0.0,0.0,0.0,0.0,0.0,0.0,0.0,0.0,0.0,0.0,0.0
Baghabari 50 MW Peaking PP,52.0,Western,False,40.0,40.0,40.0,40.0,0.0,0.0,0.0,0.0,0.0,0.0,0.0,0.0,0.0,0.0,0.0,0.0,0.0,0.0,40.0,40.0,40.0,40.0,40.0,40.0,40.0,393654.0
Baghabari 71 MW GTPP,70.0,Western,False,0.0,0.0,0.0,0.0,0.0,0.0,0.0,0.0,0.0,0.0,0.0,0.0,0.0,0.0,0.0,0.0,0.0,0.0,0.0,0.0,0.0,0.0,0.0,0.0,0.0,0.0
Bagura 113 MW PP (Confidence)-1,113.0,Western,False,80.0,113.0,0.0,0.0,0.0,0.0,0.0,0.0,0.0,0.0,0.0,0.0,0.0,0.0,0.0,0.0,0.0,0.0,0.0,35.0,35.0,35.0,35.0,35.0,35.0,313344.0
Bagura 113 MW PP (Confidence)-2,113.0,Western,False,45.0,90.0,0.0,0.0,0.0,0.0,0.0,0.0,0.0,0.0,0.0,0.0,0.0,0.0,0.0,0.0,0.0,0.0,0.0,1.0,35.0,35.0,35.0,35.0,35.0,318048.0
Bera 70 MW Peaking PP,71.0,Western,False,0.0,0.0,0.0,0.0,0.0,0.0,0.0,0.0,0.0,0.0,0.0,0.0,0.0,0.0,0.0,0.0,0.0,0.0,8.0,15.0,15.0,12.0,0.0,0.0,0.0,27939.0
Chapainawabganj 100 MW Peaking PP,104.0,Western,False,92.0,0.0,0.0,0.0,0.0,0.0,0.0,0.0,0.0,0.0,0.0,0.0,0.0,0.0,0.0,0.0,0.0,0.0,52.0,93.0,93.0,93.0,42.0,42.0,42.0,426848.0
Katakhali 50 MW Peaking PP,50.0,Western,False,18.0,19.0,19.0,19.0,0.0,0.0,0.0,0.0,0.0,0.0,0.0,0.0,0.0,0.0,0.0,0.0,0.0,0.0,6.0,19.0,19.0,20.0,20.0,20.0,20.0,152284.0
Natore 52 MW PP (Rajlanka),52.2,Western,False,0.0,0.0,0.0,0.0,0.0,0.0,0.0,0.0,0.0,0.0,0.0,0.0,0.0,0.0,0.0,0.0,0.0,0.0,0.0,0.0,0.0,0.0,0.0,0.0,0.0,0.0
Pabna 64 MW Solar Plant,64.55,Western,False,0.0,0.0,0.0,0.0,0.0,0.0,0.3,7.35,16.44,0.9,11.6,8.35,6.22,17.11,23.81,35.09,19.5,13.5,3.4,0.0,0.0,0.0,0.0,0.0,0.0,150688.0
Pabna Solar 100 MW,100.0,Western,False,0.0,0.0,0.0,0.0,0.0,0.0,0.0,9.0,29.0,28.0,17.0,5.0,16.0,29.0,19.0,20.0,27.0,15.0,6.0,0.0,0.0,0.0,0.0,0.0,0.0,281790.0
Santahar 50 MW Peaking PP,50.0,Western,False,0.0,0.0,0.0,0.0,0.0,0.0,0.0,0.0,0.0,0.0,0.0,0.0,0.0,0.0,0.0,0.0,0.0,0.0,13.0,21.0,21.0,21.0,21.0,21.0,21.0,117211.0
Sirajganj 2 MW Wind Power Plant,2.0,Western,False,0.0,0.0,0.0,0.0,0.0,0.0,0.0,0.0,0.0,0.0,0.0,0.0,0.0,0.0,0.0,0.0,0.0,0.0,0.0,0.0,0.0,0.0,0.0,0.0,0.0,0.0
Sirajganj 68 MW Solar Park,68.0,Western,False,0.0,0.0,0.0,0.0,0.0,0.0,1.67,3.89,9.75,34.06,49.4,38.54,37.09,38.63,38.46,39.9,6.56,6.82,2.4,0.0,0.0,0.0,0.0,0.0,0.0,293824.0
Sirajgonj 225MW CCPP Unit-1 (Gas),214.0,Western,False,160.0,160.0,160.0,160.0,160.0,160.0,161.0,168.0,168.0,165.0,163.0,160.0,154.0,153.0,152.0,152.0,151.0,150.0,130.0,130.0,144.0,148.0,150.0,149.0,148.0,3767818.0
Sirajgonj 225MW CCPP Unit-1 (HSD),214.0,Western,False,0.0,0.0,0.0,0.0,0.0,0.0,0.0,0.0,0.0,0.0,0.0,0.0,0.0,0.0,0.0,0.0,0.0,0.0,0.0,0.0,0.0,0.0,0.0,0.0,0.0,0.0
Sirajgonj 225MW CCPP Unit-2 (Gas),220.0,Western,False,160.0,159.0,160.0,163.0,166.0,168.0,173.0,173.0,175.0,171.0,167.0,164.0,159.0,153.0,130.0,130.0,143.0,143.0,130.0,130.0,146.0,143.0,146.0,145.0,145.0,3919609.0
Sirajgonj 225MW CCPP Unit-2 (HSD),220.0,Western,False,0.0,0.0,0.0,0.0,0.0,0.0,0.0,0.0,0.0,0.0,0.0,0.0,0.0,0.0,0.0,0.0,0.0,0.0,0.0,0.0,0.0,0.0,0.0,0.0,0.0,0.0
Sirajgonj 225MW CCPP Unit-3 (Gas),220.0,Western,False,162.0,165.0,166.0,167.0,171.0,173.0,173.0,173.0,171.0,167.0,164.0,158.0,153.0,145.0,130.0,130.0,138.0,145.0,130.0,130.0,141.0,144.0,145.0,143.0,142.0,3948582.0
Sirajgonj 225MW CCPP Unit-3 (HSD),220.0,Western,False,0.0,0.0,0.0,0.0,0.0,0.0,0.0,0.0,0.0,0.0,0.0,0.0,0.0,0.0,0.0,0.0,0.0,0.0,0.0,0.0,0.0,0.0,0.0,0.0,0.0,0.0
Sirajgonj 400 MW CCPP Unit-4 (Gas),413.792,Western,False,395.0,384.0,349.0,345.0,347.0,367.0,358.0,352.0,364.0,369.0,386.0,400.0,414.0,350.0,350.0,414.0,414.0,350.0,350.0,300.0,414.0,414.0,414.0,414.0,414.0,9149818.0
Sirajgonj 400 MW CCPP Unit-4 (HSD),413.792,Western,False,0.0,0.0,0.0,0.0,0.0,0.0,0.0,0.0,0.0,0.0,0.0,0.0,0.0,0.0,0.0,0.0,0.0,0.0,0.0,0.0,0.0,0.0,0.0,0.0,0.0,0.0
Sirajgonj 6.55 MW Solar,6.12,Western,False,0.0,0.0,0.0,0.0,0.0,0.0,0.27,0.34,1.45,3.24,5.05,0.0,0.0,0.0,0.0,0.0,0.0,0.0,0.21,0.0,0.0,0.0,0.0,0.0,0.0,8280.0
Barapukuria 275 MW TPP Unit-3,274.0,Western,False,183.0,183.0,183.0,183.0,183.0,183.0,182.0,183.0,200.0,200.0,200.0,200.0,200.0,200.0,200.0,201.0,201.0,200.0,180.0,180.0,180.0,180.0,180.0,180.0,180.0,4633000.0
Barapukuria TPP Unit-1 & 2,170.0,Western,False,39.0,39.0,39.0,39.0,40.0,41.0,41.0,41.0,40.0,39.0,37.0,37.0,38.0,38.0,38.0,38.0,37.0,37.0,36.0,37.0,37.0,35.0,37.0,37.0,36.0,883200.0
Energypac Power Venture Thakurgaon Ltd.,115.0,Western,False,88.0,91.0,91.0,91.0,0.0,0.0,0.0,0.0,0.0,0.0,0.0,0.0,0.0,0.0,0.0,0.0,0.0,0.0,0.0,75.0,90.0,90.0,95.0,95.0,95.0,819546.0
Intraco Solar 30 MW,30.0,Western,False,0.0,0.0,0.0,0.0,0.0,0.0,0.5,6.0,14.0,21.0,14.0,21.0,9.0,9.0,1.0,4.0,7.0,7.0,3.0,0.0,0.0,0.0,0.0,0.0,0.0,147261.0
Rangpur 113 MW PP (Confidence),113.0,Western,False,76.0,103.0,104.0,106.0,49.0,34.0,0.0,0.0,0.0,0.0,0.0,0.0,0.0,0.0,0.0,0.0,0.0,0.0,0.0,60.0,100.0,84.0,106.0,106.0,106.0,978316.0
Rangpur 20 MW GTPP,20.0,Western,False,0.0,0.0,0.0,0.0,0.0,0.0,0.0,0.0,0.0,0.0,0.0,0.0,0.0,0.0,0.0,0.0,0.0,0.0,0.0,0.0,0.0,0.0,0.0,0.0,0.0,0.0
Saidpur 150 MW Simple Cycle Power Plant,162.443,Western,False,0.0,0.0,0.0,0.0,0.0,0.0,0.0,0.0,0.0,0.0,0.0,0.0,0.0,0.0,0.0,0.0,0.0,0.0,0.0,0.0,0.0,0.0,0.0,0.0,0.0,0.0
Saidpur 20 MW GTPP,20.0,Western,False,0.0,0.0,0.0,0.0,0.0,0.0,0.0,0.0,0.0,0.0,0.0,0.0,0.0,0.0,0.0,0.0,0.0,0.0,0.0,0.0,0.0,0.0,0.0,0.0,0.0,0.0
Sympa Solar Power 8 MW,8.0,Western,False,0.0,0.0,0.0,0.0,0.0,0.0,0.0,0.1,2.6,4.7,6.8,7.6,2.6,1.5,4.5,5.4,3.9,1.2,0.6,0.0,0.0,0.0,0.0,0.0,0.0,39833.16
Teesta Solar Limited,200.0,Western,False,0.0,0.0,0.0,0.0,0.0,0.0,15.0,52.0,80.0,103.0,179.0,205.0,171.0,107.0,66.0,51.0,53.0,27.0,13.0,0.0,0.0,0.0,0.0,0.0,0.0,1159920.0
Barisal 1 MW Solar Plant,1.0,Western,False,0.0,0.0,0.0,0.0,0.0,0.0,0.05,0.06,0.1,0.15,0.32,0.34,0.32,0.54,0.08,0.54,0.17,0.11,0.03,0.0,0.0,0.0,0.0,0.0,0.0,2817.0
Barisal 110 MW PP (Summit ),110.0,Western,False,32.0,16.0,16.0,16.0,0.0,0.0,0.0,0.0,0.0,0.0,0.0,0.0,0.0,0.0,0.0,0.0,0.0,0.0,0.0,10.0,32.0,32.0,32.0,16.0,16.0,184320.0
Barisal 307 MW,307.0,Western,False,270.0,237.0,233.0,230.0,231.0,237.0,236.0,236.0,237.0,240.0,247.0,246.0,263.0,211.0,219.0,226.0,234.0,233.0,164.0,253.0,255.0,180.0,276.0,279.0,277.0,5760000.0
Bhola 225 MW CCPP,194.0,Western,False,65.0,65.0,65.0,65.0,65.0,65.0,65.0,65.0,65.0,65.0,65.0,65.0,64.0,64.0,63.0,63.0,63.0,63.0,63.0,63.0,65.0,65.0,65.0,65.0,65.0,1548000.0
Bhola Nutan Biddut BD LTD (Gas),220.0,Western,False,220.0,220.0,220.0,220.0,220.0,220.0,220.0,220.0,220.0,220.0,220.0,220.0,220.0,220.0,220.0,220.0,220.0,180.0,180.0,180.0,220.0,220.0,220.0,220.0,220.0,5363810.0
Bhola Nutan Biddut BD LTD (HSD),220.0,Western,False,0.0,0.0,0.0,0.0,0.0,0.0,0.0,0.0,0.0,0.0,0.0,0.0,0.0,0.0,0.0,0.0,0.0,0.0,0.0,0.0,0.0,0.0,0.0,0.0,0.0,0.0
Patuakhali 1320 MW (RNPL),1244.0,Western,False,1050.0,1050.0,1050.0,1050.0,1050.0,877.0,857.0,871.0,870.0,879.0,905.0,893.0,976.0,876.0,896.0,912.0,858.0,853.0,745.0,1023.0,945.0,823.0,892.0,889.0,878.0,21949090.0
Payra 1320 MW,1244.0,Western,False,1200.0,1215.0,1215.0,1210.0,1210.0,1185.0,1135.0,1090.0,1050.0,1035.0,1000.0,980.0,970.0,1085.0,1170.0,1170.0,1170.0,1090.0,1100.0,1160.0,1180.0,1180.0,1195.0,1190.0,1200.0,27454545.45
United Payra Power Ltd.,150.0,Western,False,17.0,17.0,17.0,17.0,0.0,0.0,0.0,0.0,0.0,0.0,0.0,0.0,0.0,0.0,0.0,0.0,0.0,0.0,0.0,0.0,17.0,38.0,35.0,17.0,17.0,205200.0
