line_id,vertex_idx,lon,lat
0,0,90.18624118131233,23.710343095138363
0,1,90.18624118131233,23.70991068550912
0,2,90.1861071228557,23.709787139900765
0,3,90.18577197671415,23.710034231117476
0,4,90.18516871365935,23.7099724583133
0,5,90.18490059674612,23.709725367096585
0,6,90.18429733369132,23.709725367096585
0,7,90.184230304463,23.71120791439685
0,8,90.18818502893335,23.71126968720103
0,9,90.18825205816165,23.70855168381721
0,10,90.18811799970503,23.708428138208856
0,11,90.18429733369132,23.708428138208856
0,12,90.1841632752347,23.709663594292408
0,13,90.18322486603834,23.70960182148823
0,14,90.18288971989679,23.709416503075698
0,15,90.18288971989679,23.70910763905481
0,16,90.18262160298355,23.708675229425566
0,17,90.18262160298355,23.708181046992145
0,18,90.18282269066847,23.707933955775434
0,19,90.18275566144017,23.7071926821253
0,20,90.18248754452692,23.706513181279345
0,21,90.18248754452692,23.70503063397908
0,22,90.18208536915706,23.703918723503882
0,23,90.18094587227577,23.702312630595262
0,24,90.1804766676776,23.702003766574375
0,25,90.18014152153604,23.70058299207829
0,26,90.17886796619814,23.69835917112789
0,27,90.17806361545841,23.697432579065225
0,28,90.17772846931686,23.69650598700256
0,29,90.17679006012051,23.695517622135714
0,30,90.1767230308922,23.69514698531065
0,31,90.17618679706571,23.69489989409394
0,32,90.17323751102003,23.692243663514297
0,33,90.17270127719355,23.69193479949341
0,34,90.170422283431,23.689710978543012
0,35,90.17089148802917,23.687178293571726
0,36,90.17082445880085,23.686189928704884
0,37,90.1711596049424,23.68600461029235
1,0,90.18697850282375,23.709231184663164
1,1,90.18624118131233,23.709478275879874
1,2,90.1860400936274,23.709787139900765
2,0,90.18530277211597,23.709169411858987
2,1,90.18577197671415,23.709292957467344
2,2,90.1861071228557,23.70960182148823
2,3,90.18583900594247,23.70935473027152
3,0,90.06103058282783,23.684583835796264
3,1,90.06056137822965,23.684460290187907
3,2,90.06056137822965,23.68168051399991
3,3,90.06324254736208,23.681618741195734
3,4,90.06344363504701,23.681495195587377
3,5,90.06391283964518,23.681495195587377
3,6,90.06458313192829,23.681804059608268
3,7,90.06458313192829,23.684460290187907
3,8,90.06444907347166,23.684583835796264
4,0,90.14877184268661,23.678900737811915
4,1,90.14890590114324,23.678406555378494
4,2,90.14910698882817,23.678283009770137
4,3,90.15091677799255,23.678777192203558
4,4,90.15145301181904,23.67908605622445
4,5,90.15279359638525,23.679271374636983
4,6,90.15312874252682,23.679642011462047
4,7,90.15507259014782,23.679950875482938
4,8,90.15634614548573,23.680815694741423
4,9,90.15701643776883,23.681495195587377
4,10,90.15701643776883,23.681865832412445
4,11,90.15721752545377,23.68205115082498
4,12,90.15949651921633,23.68279242447511
4,13,90.16009978227113,23.682854197279287
4,14,90.16023384072776,23.682977742887644
4,15,90.16030086995606,23.683719016537776
4,16,90.16023384072776,23.684522062992087
4,17,90.15996572381451,23.684707381404618
4,18,90.15996572381451,23.685139791033862
4,19,90.16050195764099,23.685695746271463
4,20,90.16083710378255,23.68649879272577
4,21,90.1617755129789,23.686189928704884
4,22,90.16304906831681,23.685325109446396
4,23,90.16412153596977,23.68520156383804
4,24,90.16418856519809,23.685325109446396
4,25,90.16492588670951,23.685386882250572
4,26,90.16532806207937,23.685078018229685
4,27,90.1667356758739,23.685325109446396
4,28,90.16787517275517,23.685078018229685
4,29,90.16941684500632,23.685695746271463
4,30,90.17089148802917,23.68600461029235
5,0,90.39664592897982,23.673217639827566
5,1,90.39631078283826,23.672785230198322
5,2,90.394098818304,23.671117364485525
5,3,90.39195388299807,23.669202407556018
5,4,90.39054626920354,23.66771986025575
5,5,90.38974191846381,23.667040359409796
5,6,90.38860242158252,23.66636085856384
5,7,90.38786510007111,23.66636085856384
5,8,90.38719480778799,23.665990221738777
5,9,90.38324008331766,23.66561958491371
5,10,90.38256979103456,23.665434266501176
5,11,90.38169841106652,23.665434266501176
5,12,90.37606795588842,23.664692992851045
6,0,90.29013648519401,23.672476366177435
6,1,90.29187924513009,23.67476195993201
6,2,90.29201330358671,23.675132596757077
6,3,90.29275062509814,23.67575032479885
6,4,90.29328685892462,23.675812097603032
6,5,90.2950296188607,23.675317915169607
6,6,90.2969064372534,23.6745148687153
6,7,90.2981799925913,23.674206004694412
6,8,90.29858216796117,23.673835367869344
6,9,90.29918543101597,23.673835367869344
6,10,90.29952057715752,23.673526503848457
6,11,90.30012384021232,23.673464731044277
6,12,90.30159848323515,23.67019077242286
6,13,90.3031401554863,23.670252545227036
6,14,90.30340827239954,23.670005454010326
6,15,90.30407856468265,23.670376090835394
6,16,90.3044137108242,23.67019077242286
7,0,90.31078148751372,23.672167502156547
7,1,90.31071445828542,23.67154977411477
7,2,90.30608944153198,23.670870273268815
7,3,90.30508400310731,23.670499636443747
8,0,90.28108753937207,23.67179686533148
8,1,90.28162377319855,23.6722910477649
8,2,90.2818918901118,23.6722910477649
8,3,90.28289732853645,23.671858638135657
8,4,90.28303138699307,23.671673319723123
8,5,90.28216000702503,23.669264180360194
8,6,90.28162377319855,23.668769997926773
9,0,90.28960025136753,23.671488001310593
9,1,90.28919807599766,23.671117364485525
9,2,90.28799154988806,23.670808500464638
9,3,90.28712016992003,23.66994368120615
9,4,90.2863828484086,23.669511271576905
9,5,90.28598067303875,23.669017089143484
9,6,90.2857125561255,23.669017089143484
9,7,90.28417088387435,23.667843405864108
9,8,90.28329950390632,23.667596314647398
10,0,90.08113935132106,23.669511271576905
10,1,90.08093826363611,23.66907886194766
10,2,90.08040202980963,23.66907886194766
10,3,90.07765383144888,23.66957304438108
10,4,90.07550889614295,23.66969658998944
10,5,90.0740342531201,23.670252545227036
10,6,90.07349801929362,23.670746727660458
10,7,90.07202337627079,23.671179137289702
10,8,90.06820271025707,23.671117364485525
10,9,90.0671302426041,23.671426228506412
10,10,90.06451610269998,23.67179686533148
10,11,90.06357769350363,23.671673319723123
10,12,90.0633766058187,23.672229274960724
10,13,90.06351066427531,23.674576641519476
10,14,90.06364472273194,23.67500905114872
10,15,90.06397986887349,23.67525614236543
10,16,90.06391283964518,23.676924008078228
10,17,90.06424798578674,23.678344782574317
10,18,90.06391283964518,23.679765557070404
10,19,90.06391283964518,23.681495195587377
10,20,90.06411392733011,23.681618741195734
11,0,90.28028318863232,23.666793268193086
11,1,90.27974695480584,23.666546176976375
11,2,90.27974695480584,23.666299085759665
11,3,90.27941180866429,23.665928448934597
11,4,90.27941180866429,23.665434266501176
11,5,90.27854042869625,23.663889946396736
11,6,90.27753499027159,23.660863078992026
11,7,90.27713281490172,23.65999825973354
11,8,90.27686469798849,23.659812941321007
11,9,90.27673063953186,23.659133440475053
11,10,90.27518896728071,23.657156710741365
11,11,90.27378135348619,23.654685798574256
11,12,90.27378135348619,23.654438707357546
11,13,90.27297700274646,23.653326796882347
11,14,90.2726418566049,23.65252375042804
11,15,90.27170344740856,23.651350067148663
11,16,90.2707650382122,23.649496883023332
11,17,90.26962554133092,23.64894092778573
11,18,90.26506755380579,23.647643698898
11,19,90.26473240766423,23.647273062072934
11,20,90.26412914460944,23.64714951646458
12,0,90.28839372525793,23.66512540248029
12,1,90.28812560834469,23.665681357717887
12,2,90.28799154988806,23.667349223430687
12,3,90.28725422837665,23.668152269884995
12,4,90.28678502377848,23.668214042689172
12,5,90.28611473149536,23.66907886194766
12,6,90.28618176072368,23.669202407556018
13,0,90.37506251746375,23.664631220046868
13,1,90.37191214373314,23.664137037613447
13,2,90.36815850694774,23.663889946396736
13,3,90.3622599348564,23.66321044555078
13,4,90.36192478871484,23.663025127138248
13,5,90.35897550266917,23.662839808725714
13,6,90.35595918739519,23.662345626292293
13,7,90.35515483665546,23.662345626292293
13,8,90.35448454437234,23.662098535075582
13,9,90.35327801826276,23.662036762271402
13,10,90.35207149215316,23.661666125446338
13,11,90.35160228755498,23.661727898250515
13,12,90.35012764453215,23.660615987775316
13,13,90.34939032302073,23.659318758887586
13,14,90.34898814765086,23.657403801958075
13,15,90.34885408919425,23.654253388945016
13,16,90.348585972281,23.6540062977283
13,17,90.34811676768282,23.6540062977283
13,18,90.34510045240884,23.654685798574256
13,19,90.34215116636317,23.65487111698679
13,20,90.33806238343621,23.656353664287057
13,21,90.33752614960973,23.656415437091233
13,22,90.33618556504351,23.65703316513301
13,23,90.33571636044533,23.65703316513301
13,24,90.33524715584716,23.657403801958075
13,25,90.33397360050925,23.657712665978966
13,26,90.33357142513938,23.65808330280403
13,27,90.3330351913129,23.65808330280403
13,28,90.33223084057317,23.65833039402074
13,29,90.3312254021485,23.658824576454162
13,30,90.32747176536311,23.660060032537718
13,31,90.32700256076494,23.660368896558605
13,32,90.32660038539507,23.660368896558605
13,33,90.3261982100252,23.660677760579496
13,34,90.32546088851379,23.66080130618785
13,35,90.32331595320784,23.661666125446338
13,36,90.32083587176034,23.662345626292293
13,37,90.32043369639048,23.662716263117357
13,38,90.3199644917923,23.662716263117357
13,39,90.31962934565075,23.663025127138248
13,40,90.3187579656827,23.66321044555078
13,41,90.31661303037676,23.664075264809266
13,42,90.31540650426717,23.665743130522067
13,43,90.31533947503885,23.666051994542954
13,44,90.314937299669,23.66636085856384
13,45,90.31480324121237,23.666793268193086
13,46,90.3137307735594,23.66796695147246
13,47,90.31145177979684,23.67130268289806
13,48,90.31111663365529,23.671611546918946
13,49,90.31078148751372,23.671673319723123
14,0,90.14756531657702,23.6631486727466
14,1,90.14823560886012,23.6631486727466
14,2,90.14883887191492,23.66339576396331
14,3,90.1499113395679,23.66339576396331
14,4,90.15051460262269,23.663642855180022
14,5,90.150581631851,23.665990221738777
14,6,90.15071569030762,23.66611376734713
14,7,90.15064866107932,23.667534541843217
14,8,90.15031351493776,23.668152269884995
14,9,90.1487048134583,23.669511271576905
14,10,90.14823560886012,23.66969658998944
14,11,90.14769937503364,23.670252545227036
14,12,90.14749828734871,23.671179137289702
14,13,90.14769937503364,23.671982183744014
14,14,90.14790046271857,23.672167502156547
14,15,90.14796749194689,23.672847003002502
14,16,90.14897293037154,23.674020686281878
14,17,90.14917401805647,23.674638414323653
14,18,90.14917401805647,23.67772705453254
14,19,90.14903995959986,23.678283009770137
14,20,90.14924104728479,23.678406555378494
15,0,90.14709611197884,23.662778035921537
15,1,90.14622473201081,23.66240739909647
15,2,90.14575552741263,23.661851443858872
15,3,90.14501820590121,23.661727898250515
15,4,90.14334247519344,23.660430669362782
15,5,90.14200189062723,23.659071667670876
15,6,90.14166674448568,23.659009894866696
15,7,90.14106348143088,23.65857748523745
15,8,90.14113051065918,23.658145075608207
15,9,90.14146565680073,23.65758912037061
15,10,90.14146565680073,23.65721848354554
16,0,90.14957619342634,23.65894812206252
16,1,90.14903995959986,23.65894812206252
16,2,90.14910698882817,23.65783621158732
16,3,90.1493080765131,23.657650893174786
16,4,90.15024648570945,23.657650893174786
16,5,90.15038054416607,23.657897984391496
17,0,90.1517881579606,23.65894812206252
17,1,90.15312874252682,23.65894812206252
17,2,90.15312874252682,23.65839216682492
17,3,90.1517881579606,23.658268621216564
17,4,90.15165409950397,23.658021529999854
18,0,90.15453635632133,23.65839216682492
18,1,90.15312874252682,23.65857748523745
19,0,90.1548715024629,23.658206848412387
19,1,90.15607802857248,23.658268621216564
19,2,90.15641317471403,23.658453939629098
19,3,90.15855811001998,23.658268621216564
19,4,90.15949651921633,23.659133440475053
19,5,90.16030086995606,23.659318758887586
19,6,90.16063601609761,23.658824576454162
19,7,90.16097116223916,23.65863925804163
19,8,90.16150739606566,23.657774438783143
19,9,90.16190957143552,23.656415437091233
19,10,90.16211065912046,23.6562301186787
19,11,90.16211065912046,23.655797709049455
19,12,90.16244580526201,23.65536529942021
19,13,90.16244580526201,23.65462402577008
19,14,90.16304906831681,23.65221488640715
19,15,90.16298203908849,23.65190602238626
19,16,90.16325015600174,23.651350067148663
19,17,90.16331718523004,23.650485247890174
19,18,90.16358530214329,23.65005283826093
19,19,90.16358530214329,23.64924979180662
19,20,90.16392044828484,23.649064473394088
19,21,90.16405450674146,23.648632063764843
19,22,90.16405450674146,23.647273062072934
19,23,90.16418856519809,23.646902425247866
19,24,90.16472479902457,23.64634647001027
19,25,90.16546212053599,23.644493285884938
19,26,90.16606538359079,23.643752012234806
19,27,90.16633350050404,23.643134284193028
19,28,90.16640052973234,23.642207692130363
19,29,90.16666864664559,23.641651736892765
19,30,90.1673389389287,23.64121932726352
19,31,90.16914872809308,23.64121932726352
19,32,90.16948387423464,23.641034008850987
19,33,90.17270127719355,23.64097223604681
19,34,90.17323751102003,23.64140464567605
19,35,90.1736396863899,23.642084146522006
19,36,90.17531541709768,23.642454783347073
19,37,90.1754494755543,23.64257832895543
19,38,90.1754494755543,23.64301073858467
19,39,90.17471215404288,23.644246194668227
19,40,90.17471215404288,23.64523455953507
19,41,90.17531541709768,23.64634647001027
19,42,90.17625382629403,23.647211289268757
19,43,90.17813064468673,23.64943511021915
19,44,90.17859984928491,23.649496883023332
19,45,90.18054369690591,23.65060879349853
19,46,90.18335892449497,23.651844249582084
19,47,90.18429733369132,23.652585523232215
19,48,90.1847665382895,23.652647296036392
19,49,90.18637523976895,23.653326796882347
20,0,90.15158707027567,23.657403801958075
20,1,90.15158707027567,23.65703316513301
20,2,90.1517881579606,23.6567860739163
20,3,90.15172112873229,23.656168345874523
20,4,90.14917401805647,23.656168345874523
20,5,90.14910698882817,23.657527347566432
20,6,90.14796749194689,23.65758912037061
20,7,90.14716314120716,23.657465574762256
20,8,90.14609067355418,23.656909619524654
20,9,90.14575552741263,23.656538982699587
20,10,90.14528632281446,23.65647720989541
20,11,90.14461603053134,23.656044800266166
20,12,90.14300732905188,23.655674163441102
20,13,90.14260515368203,23.655303526616034
21,0,90.15017945648114,23.6567860739163
21,1,90.15051460262269,23.65697139232883
21,2,90.15038054416607,23.65783621158732
22,0,90.14180080294229,23.656168345874523
22,1,90.14173377371398,23.65561239063692
22,2,90.1393207214948,23.65561239063692
22,3,90.13858339998337,23.65536529942021
22,4,90.1380471661569,23.654809344182613
22,5,90.13657252313405,23.653882752119948
22,6,90.13550005548107,23.652585523232215
23,0,90.19274301645848,23.655921254657812
23,1,90.19086619806578,23.65561239063692
23,2,90.18999481809773,23.655241753811858
23,3,90.18965967195618,23.654932889790967
23,4,90.18912343812968,23.65487111698679
23,5,90.1873136489653,23.65406807053248
23,6,90.1866433566822,23.65351211529488
24,0,90.1225634144171,23.653450342490704
24,1,90.11921195300157,23.653450342490704
24,2,90.11907789454494,23.653326796882347
24,3,90.11907789454494,23.65079411191106
24,4,90.11847463149014,23.650732339106884
24,5,90.11679890078237,23.65116474873613
24,6,90.11626266695589,23.651720703973727
24,7,90.11579346235771,23.651844249582084
24,8,90.11418476087826,23.65165893116955
24,9,90.11311229322529,23.65190602238626
24,10,90.11116844560428,23.65190602238626
24,11,90.11056518254948,23.652029567994617
24,12,90.11043112409286,23.65240020481968
24,13,90.11043112409286,23.653635660903237
24,14,90.11029706563623,23.65382097931577
24,15,90.10935865643988,23.65382097931577
24,16,90.10795104264535,23.65406807053248
24,17,90.10493472737137,23.65412984333666
24,18,90.1025887043805,23.65598302746199
24,19,90.10225355823894,23.65697139232883
24,20,90.10178435364077,23.657712665978966
24,21,90.09876803836679,23.657897984391496
24,22,90.09682419074576,23.658268621216564
24,23,90.09474628466813,23.65919521327923
24,24,90.09427708006996,23.659256986083406
24,25,90.0938749047001,23.659565850104297
24,26,90.0933386708736,23.659627622908474
24,27,90.09132779402428,23.661110170208737
24,28,90.0901212679147,23.66129548862127
24,29,90.08603248498774,23.665001856871932
24,30,90.08496001733477,23.66561958491371
24,31,90.08428972505166,23.665804903326244
24,32,90.08268102357219,23.667102132213977
24,33,90.08201073128909,23.667349223430687
24,34,90.08147449746261,23.668152269884995
24,35,90.08120638054936,23.66907886194766
24,36,90.08107232209274,23.669202407556018
24,37,90.08093826363611,23.66907886194766
25,0,90.12309964824358,23.653203251273993
25,1,90.12303261901528,23.65215311360297
25,2,90.1213568883075,23.65215311360297
25,3,90.12108877139427,23.65196779519044
25,4,90.12082065448102,23.652338432015505
26,0,90.19488795176441,23.652832614448926
26,1,90.19508903944934,23.65277084164475
26,2,90.19589339018908,23.650917657519418
26,3,90.19636259478726,23.65054702069435
26,4,90.19642962401556,23.650238156673463
26,5,90.19703288707036,23.649311564610798
26,6,90.19730100398361,23.64924979180662
26,7,90.19756912089684,23.64869383656902
27,0,90.1350308508829,23.65221488640715
27,1,90.1349638216546,23.65190602238626
27,2,90.13389135400162,23.651782476777907
27,3,90.13355620786007,23.651535385561196
27,4,90.13228265252216,23.651350067148663
27,5,90.13094206795594,23.65141183995284
27,6,90.13067395104271,23.65116474873613
27,7,90.13000365875959,23.65116474873613
27,8,90.12980257107466,23.650979430323595
28,0,90.12155797599245,23.65141183995284
28,1,90.12108877139427,23.65196779519044
29,0,90.12015036219792,23.651288294344486
29,1,90.12082065448102,23.651535385561196
29,2,90.12115580062257,23.651844249582084
30,0,90.12832792805183,23.65104120312777
30,1,90.12826089882351,23.650732339106884
30,2,90.12772466499703,23.650732339106884
30,3,90.1275235773121,23.651473612757016
30,4,90.12531161277785,23.651720703973727
30,5,90.12490943740798,23.652029567994617
30,6,90.12309964824358,23.65221488640715
30,7,90.12309964824358,23.65060879349853
30,8,90.12289856055865,23.650423475085997
30,9,90.1206865960244,23.65036170228182
30,10,90.12048550833947,23.650485247890174
30,11,90.11968115759974,23.650485247890174
30,12,90.11901086531662,23.650732339106884
31,0,90.12953445416142,23.650732339106884
31,1,90.12839495728014,23.65060879349853
31,2,90.12832792805183,23.65079411191106
32,0,90.12678625580068,23.65060879349853
32,1,90.1231666774719,23.65036170228182
32,2,90.12296558978697,23.650423475085997
32,3,90.12303261901528,23.65054702069435
33,0,90.13020474644453,23.650238156673463
33,1,90.13040583412946,23.650423475085997
33,2,90.13047286335777,23.65116474873613
34,0,90.13000365875959,23.649991065456753
34,1,90.12926633724818,23.649126246198264
34,2,90.12879713265,23.649064473394088
34,3,90.12852901573676,23.648817382177377
34,4,90.12772466499703,23.6487556093732
34,5,90.12745654808379,23.64943511021915
34,6,90.1275235773121,23.650114611065106
34,7,90.12738951885548,23.65036170228182
34,8,90.12765763576871,23.65079411191106
34,9,90.12745654808379,23.650423475085997
35,0,90.20018326080097,23.64918801900244
35,1,90.19957999774617,23.648632063764843
35,2,90.19890970546307,23.648570290960667
35,3,90.19864158854982,23.648323199743956
35,4,90.19797129626672,23.6481996541356
35,5,90.19777020858177,23.64844674535231
36,0,90.11934601145819,23.64628469720609
36,1,90.11934601145819,23.64461683149329
36,2,90.11914492377325,23.644493285884938
36,3,90.1175362222938,23.644493285884938
36,4,90.11686593001069,23.644863922710005
36,5,90.11706701769562,23.645852287576847
36,6,90.11760325152211,23.64684065244369
36,7,90.11760325152211,23.6470877436604
36,8,90.11740216383717,23.647273062072934
36,9,90.11606157927096,23.647211289268757
36,10,90.11485505316136,23.64733483487711
36,11,90.11405070242164,23.647273062072934
36,12,90.11391664396501,23.64714951646458
36,13,90.11398367319332,23.644863922710005
36,14,90.11425179010656,23.644740377101648
36,15,90.11458693624812,23.645049241122535
36,16,90.11458693624812,23.645296332339246
36,17,90.11485505316136,23.645296332339246
36,18,90.11505614084629,23.64548165075178
36,19,90.11592752081434,23.644863922710005
36,20,90.11679890078237,23.644863922710005
36,21,90.116932959239,23.64498746831836
37,0,90.11492208238967,23.645852287576847
37,1,90.11485505316136,23.645666969164314
37,2,90.11505614084629,23.64548165075178
37,3,90.11492208238967,23.645358105143426
38,0,90.11358149782346,23.641528191284408
38,1,90.11411773164994,23.642701874563784
38,2,90.11472099470474,23.643504921018096
38,3,90.11492208238967,23.64436974027658
38,4,90.11545831621616,23.64443151308076
38,5,90.11592752081434,23.644863922710005
38,6,90.11545831621616,23.64443151308076
39,0,90.11331338091021,23.64115755445934
39,1,90.11291120554036,23.639180824725656
39,2,90.1125760593988,23.63856309668388
39,3,90.111972796344,23.638068914250457
39,4,90.11096735791934,23.63664813975437
39,5,90.11023003640793,23.63504204684575
39,6,90.10942568566819,23.63393013637055
39,7,90.10935865643988,23.63337418113295
39,8,90.10909053952663,23.63312708991624
39,9,90.10848727647185,23.6315827698118
39,10,90.10774995496043,23.630532632140778
39,11,90.1076829257321,23.629853131294823
39,12,90.10748183804718,23.62966781288229
39,13,90.10748183804718,23.62911185764469
39,14,90.10734777959055,23.628988312036334
39,15,90.10741480881887,23.628247038386203
39,16,90.10774995496043,23.627999947169492
39,17,90.10781698418873,23.627567537540248
39,18,90.1082191595586,23.627320446323537
39,19,90.10795104264535,23.62676449108594
39,20,90.10795104264535,23.625837899023274
39,21,90.10781698418873,23.625714353414917
39,22,90.10728075036225,23.625837899023274
39,23,90.10533690274123,23.627382219127714
39,24,90.10486769814307,23.627443991931894
39,25,90.10205247055401,23.629173630448868
39,26,90.10030971061794,23.630841496161665
39,27,90.09970644756314,23.631150360182556
39,28,90.09789665839874,23.630965041770022
39,29,90.09601984000604,23.630965041770022
39,30,90.09494737235306,23.63016199531571
39,31,90.09280243704713,23.63016199531571
39,32,90.09253432013388,23.630038449707357
39,33,90.09159591093753,23.630038449707357
39,34,90.0914618524809,23.629914904099
39,35,90.08931691717497,23.629914904099
39,36,90.08710495264071,23.6293589488614
39,37,90.08449081273659,23.629297176057225
39,38,90.08422269582334,23.629544267273936
39,39,90.08408863736672,23.62997667690318
39,40,90.0802009421247,23.629914904099
39,41,90.0802009421247,23.627135127911004
39,42,90.08080420517949,23.627135127911004
40,0,90.22330834456818,23.636462821341837
40,1,90.22377754916636,23.636709912558548
40,2,90.22350943225311,23.637636504621213
40,3,90.22203478923028,23.63776005022957
40,4,90.22169964308873,23.6379453686421
40,5,90.2202920292942,23.6379453686421
40,6,90.21955470778278,23.637512959012856
40,7,90.21888441549967,23.63745118620868
40,8,90.21868332781474,23.637142322187792
40,9,90.2177449186184,23.637327640600326
40,10,90.2166054217371,23.63776005022957
40,11,90.21526483717089,23.63856309668388
40,12,90.21338801877819,23.640045643984145
40,13,90.21265069726677,23.64010741678832
40,14,90.21238258035352,23.640354508005032
40,15,90.21191337575534,23.64041628080921
40,16,90.20950032353616,23.64171350969694
40,17,90.2090981481663,23.64177528250112
40,18,90.20795865128501,23.64140464567605
40,19,90.20769053437178,23.641898828109476
40,20,90.20728835900191,23.642207692130363
40,21,90.20715430054528,23.642640101759607
40,22,90.20668509594711,23.64307251138885
40,23,90.20628292057725,23.64387555784316
40,24,90.20561262829413,23.644307967472404
40,25,90.2048082775544,23.64523455953507
40,26,90.20427204372793,23.64554342355596
40,27,90.20313254684665,23.646717106835336
40,28,90.20252928379185,23.646902425247866
40,29,90.20058543617083,23.648879154981554
40,30,90.20011623157265,23.649126246198264
41,0,90.22451487067778,23.636277502929303
41,1,90.22377754916636,23.636709912558548
42,0,90.21740977247683,23.63559800208335
42,1,90.217878977075,23.63640104853766
42,2,90.2184822401298,23.636709912558548
42,3,90.21854926935812,23.637142322187792
42,4,90.2184822401298,23.637018776579435
43,0,90.21694056787865,23.635227365258284
43,1,90.21694056787865,23.634918501237394
43,2,90.21559998331244,23.63318886272042
43,3,90.2153318663992,23.632571134678642
43,4,90.21419236951792,23.63294177150371
43,5,90.21365613569144,23.63287999869953
43,6,90.21131011270056,23.63318886272042
43,7,90.21043873273251,23.633868363566375
43,8,90.20681915440373,23.633806590762195
43,9,90.2047412483261,23.634300773195616
43,10,90.20360175144482,23.634424318803973
43,11,90.20192602073705,23.634918501237394
43,12,90.20132275768225,23.634609637216506
43,13,90.19730100398361,23.634918501237394
43,14,90.1903969934676,23.633868363566375
43,15,90.18999481809773,23.63368304515384
43,16,90.18945858427125,23.63368304515384
43,17,90.18925749658631,23.633497726741307
43,18,90.18818502893335,23.633497726741307
43,19,90.18014152153604,23.63207695224522
43,20,90.17739332317531,23.63176808822433
43,21,90.1724331602803,23.630779723357488
43,22,90.17149475108396,23.630779723357488
43,23,90.17082445880085,23.630532632140778
43,24,90.17008713728943,23.630532632140778
43,25,90.1686795234949,23.63127390579091
43,26,90.16821031889673,23.63133567859509
43,27,90.1679422019835,23.6315827698118
43,28,90.16754002661362,23.6315827698118
44,0,90.16754002661362,23.63287999869953
44,1,90.1574186131387,23.639675007159077
44,2,90.15694940854053,23.6401691895925
44,3,90.15513961937613,23.65301793286146
44,4,90.1548715024629,23.653450342490704
44,5,90.15232439178708,23.655488845028568
44,6,90.15212330410215,23.656044800266166
44,7,90.1517881579606,23.656291891482876
45,0,90.16626647127572,23.6315827698118
45,1,90.16599835436247,23.63016199531571
45,2,90.16472479902457,23.628432356798736
45,3,90.16465776979626,23.62806171997367
45,4,90.16398747751316,23.627320446323537
45,5,90.16371936059991,23.627320446323537
45,6,90.16358530214329,23.626579172673406
45,7,90.16284798063187,23.62559080780656
45,8,90.16257986371863,23.624417124527184
46,0,90.16713785124377,23.63127390579091
46,1,90.16660161741727,23.631088587378375
46,2,90.16626647127572,23.631212132986732
46,3,90.16619944204741,23.631088587378375
47,0,90.08422269582334,23.627073355106827
47,1,90.08422269582334,23.6288029936238
47,2,90.0845578419649,23.629297176057225
48,0,90.16231174680539,23.624231806114654
48,1,90.16211065912046,23.623119895639455
48,2,90.16184254220721,23.622749258814387
48,3,90.16184254220721,23.62219330357679
48,4,90.16157442529396,23.62194621236008
48,5,90.16063601609761,23.619042890563726
48,6,90.16043492841268,23.61675729680915
48,7,90.15909434384646,23.614286384642043
49,0,90.15138598259072,23.61601602315902
49,1,90.1511848949058,23.61626311437573
49,2,90.15078271953594,23.616386659984084
49,3,90.14890590114324,23.616386659984084
49,4,90.14850372577337,23.616139568767373
49,5,90.14836966731674,23.615583613529775
49,6,90.14803452117519,23.61539829511724
49,7,90.14749828734871,23.61539829511724
49,8,90.14521929358614,23.61595425035484
49,9,90.14421385516148,23.61515120390053
49,10,90.14072833528932,23.61515120390053
49,11,90.14032615991945,23.615274749508885
49,12,90.13824825384182,23.615336522313065
49,13,90.1381141953852,23.615645386333952
50,0,90.1548715024629,23.61416283903369
50,1,90.15527367783275,23.614718794271287
50,2,90.15527367783275,23.615583613529775
50,3,90.1550055609195,23.616695524004975
50,4,90.15346388866837,23.616633751200794
50,5,90.15131895336242,23.616139568767373
51,0,90.11659781309744,23.61249497332089
51,1,90.11646375464082,23.612371427712535
51,2,90.11579346235771,23.612433200516712
51,3,90.11485505316136,23.612989155754313
51,4,90.11358149782346,23.61490411268382
51,5,90.11244200094218,23.615892477550663
51,6,90.11210685480063,23.616571978396617
51,7,90.11183873788738,23.61675729680915
51,8,90.11163765020245,23.61731325204675
51,9,90.11090032869103,23.61811629850106
51,10,90.11036409486454,23.61947530019297
51,11,90.1094927148965,23.620710756276523
51,12,90.10929162721158,23.621266711514124
51,13,90.10815213033028,23.622502167597677
51,14,90.10788401341705,23.625529035002383
51,15,90.10774995496043,23.625714353414917
52,0,90.15728455468208,23.61088888041227
52,1,90.15701643776883,23.610827107608092
52,2,90.15694940854053,23.61033292517467
52,3,90.1567483208556,23.610147606762137
52,4,90.15627911625742,23.610024061153783
52,5,90.15601099934418,23.608541513853517
52,6,90.1550055609195,23.608109104224273
53,0,90.15587694088755,23.610827107608092
53,1,90.15587694088755,23.610271152370494
53,2,90.15393309326655,23.610271152370494
53,3,90.15393309326655,23.607429603378318
53,4,90.15507259014782,23.60736783057414
53,5,90.15534070706107,23.607553148986675
53,6,90.15540773628938,23.60817087702845
53,7,90.15507259014782,23.608109104224273
54,0,90.12745654808379,23.600819913331303
54,1,90.12665219734406,23.60143764137308
54,2,90.12598190506095,23.60316727989006
54,3,90.12557972969108,23.603476143910946
54,4,90.12464132049473,23.60495869121121
54,5,90.12309964824358,23.60600882888223
54,6,90.12175906367737,23.60817087702845
54,7,90.12155797599245,23.608850377874404
54,8,90.1206195667961,23.61058001639138
54,9,90.12028442065454,23.61088888041227
54,10,90.11927898222987,23.611259517237336
54,11,90.11713404692394,23.611815472474934
54,12,90.11666484232576,23.612124336495825
54,13,90.11653078386914,23.612433200516712
55,0,90.1349638216546,23.597669500318244
55,1,90.13489679242629,23.599213820422683
55,2,90.13509788011122,23.599399138835217
55,3,90.13509788011122,23.599893321268638
55,4,90.13536599702446,23.600511049310416
55,5,90.13536599702446,23.602364233435747
55,6,90.13576817239432,23.602858415869168
55,7,90.13576817239432,23.603290825498412
55,8,90.13543302625277,23.60390855354019
55,9,90.13476273396967,23.604032099148544
55,10,90.13469570474135,23.604649827190322
55,11,90.13449461705642,23.604835145602856
55,12,90.13462867551304,23.60502046401539
55,13,90.13469570474135,23.607429603378318
55,14,90.13429352937149,23.61169192686658
55,15,90.13456164628472,23.612000790887468
55,16,90.1350308508829,23.612062563691644
55,17,90.13670658159067,23.61280383734178
55,18,90.13677361081898,23.61305092855849
55,19,90.1375109323304,23.61379220220862
55,20,90.13771202001533,23.614842339879644
55,21,90.1381141953852,23.61546006792142
56,0,90.13482976319797,23.594333768892646
56,1,90.13509788011122,23.59377781365505
56,2,90.13550005548107,23.593839586459225
57,0,90.1363044062208,23.59377781365505
57,1,90.13663955236237,23.593592495242515
57,2,90.13798013692858,23.593901359263402
57,3,90.14079536451763,23.59377781365505
57,4,90.14153268602905,23.593839586459225
57,5,90.14159971525736,23.59427199608847
57,6,90.14200189062723,23.594395541696823
57,7,90.14548741049938,23.59451908730518
57,8,90.14562146895601,23.595445679367845
57,9,90.1518551871889,23.60156118698144
57,10,90.15225736255877,23.602487779044104
57,11,90.15259250870032,23.60279664306499
57,12,90.15272656715695,23.603290825498412
57,13,90.1530617132985,23.603537916715123
57,14,90.15319577175512,23.604093871952724
57,15,90.15406715172315,23.605391100840453
57,16,90.15513961937613,23.607429603378318
58,0,90.13529896779615,23.59180108392136
58,1,90.13583520162263,23.59204817513807
58,2,90.13576817239432,23.59291299439656
58,3,90.13536599702446,23.593283631221627
58,4,90.13509788011122,23.593839586459225
59,0,90.13670658159067,23.591739311117184
59,1,90.13590223085095,23.591924629529718
59,2,90.13583520162263,23.59204817513807
60,0,90.18624118131233,23.70991068550912
60,1,90.1861071228557,23.709725367096585
60,2,90.18624118131233,23.709848912704942
61,0,90.184230304463,23.709787139900765
61,1,90.184230304463,23.70960182148823
62,0,90.17866687851321,23.698173852715357
62,1,90.17839876159996,23.697926761498646
63,0,90.17719223549038,23.69588825896078
63,1,90.17679006012051,23.695455849331537
64,0,90.17712520626206,23.695826486156605
64,1,90.17679006012051,23.695517622135714
65,0,90.17565056323923,23.694467484464695
65,1,90.17531541709768,23.694096847639628
66,0,90.17209801413875,23.691317071451632
66,1,90.17162880954058,23.69082288901821
67,0,90.394098818304,23.671117364485525
67,1,90.39369664293415,23.67068495485628
68,0,90.28779046220313,23.67068495485628
68,1,90.28732125760496,23.670128999618683
69,0,90.14649284892404,23.662530944704827
69,1,90.14609067355418,23.662283853488116
70,0,90.35120011218513,23.661480807033804
70,1,90.35086496604356,23.661171943012917
71,0,90.3504627906737,23.660863078992026
71,1,90.35012764453215,23.660615987775316
72,0,90.1530617132985,23.65833039402074
72,1,90.15312874252682,23.6562301186787
72,2,90.15205627487384,23.656106573070346
73,0,90.15051460262269,23.65697139232883
73,1,90.15125192413412,23.6567860739163
73,2,90.15165409950397,23.65697139232883
73,3,90.15152004104735,23.656847846720478
74,0,90.14180080294229,23.655674163441102
74,1,90.14180080294229,23.655550617832745
74,2,90.14227000754046,23.655674163441102
74,3,90.14294029982358,23.65561239063692
75,0,90.13637143544912,23.653697433707414
75,1,90.13610331853587,23.653388569686527
76,0,90.13603628930757,23.65326502407817
76,1,90.1356341139377,23.652832614448926
77,0,90.1213568883075,23.65215311360297
77,1,90.12115580062257,23.65190602238626
77,2,90.12142391753582,23.65215311360297
78,0,90.12765763576871,23.648817382177377
78,1,90.12725546039886,23.648508518156486
78,2,90.12658516811575,23.648508518156486
78,3,90.12591487583263,23.648137881331422
78,4,90.12296558978697,23.6470877436604
78,5,90.1212898590792,23.646902425247866
78,6,90.11961412837142,23.64714951646458
78,7,90.11760325152211,23.6470877436604
79,0,90.20206007919367,23.64733483487711
79,1,90.2023281961069,23.64714951646458
80,0,90.26419617383775,23.64714951646458
80,1,90.26419617383775,23.64659356122698
80,2,90.26339182309802,23.645419877947603
80,3,90.26111282933545,23.64276364736796
80,4,90.2607776831939,23.642640101759607
80,5,90.26044253705234,23.64226946493454
80,6,90.25983927399754,23.642145919326186
80,7,90.25930304017106,23.64171350969694
80,8,90.25541534492903,23.640230962396675
80,9,90.2532704096231,23.639736779963254
80,10,90.2532704096231,23.63881018790059
80,11,90.25280120502492,23.636709912558548
80,12,90.25246605888336,23.636277502929303
80,13,90.25239902965505,23.635721547691706
80,14,90.2520638835135,23.635350910866638
80,15,90.25192982505688,23.63473318282486
80,16,90.25159467891532,23.634424318803973
80,17,90.25032112357742,23.63399190917473
80,18,90.24851133441302,23.633621272349664
80,19,90.24757292521667,23.633621272349664
80,20,90.24254573309337,23.633003544307886
80,21,90.24100406084223,23.632200497853574
80,22,90.24046782701573,23.632200497853574
80,23,90.23993159318925,23.63176808822433
80,24,90.2395964470477,23.63176808822433
80,25,90.23926130090614,23.63152099700762
80,26,90.23785368711161,23.6310268145742
80,27,90.2339659918696,23.630965041770022
80,28,90.23376490418465,23.630841496161665
80,29,90.22686089366866,23.63040908653242
80,30,90.22598951370061,23.6304708593366
80,31,90.22478298759101,23.630285540924067
80,32,90.22230290614353,23.630285540924067
80,33,90.21982282469602,23.630841496161665
80,34,90.21942064932615,23.631150360182556
80,35,90.21895144472798,23.631150360182556
80,36,90.21854926935812,23.631459224203443
80,37,90.21546592485582,23.63238581626611
80,38,90.2153318663992,23.632571134678642
80,39,90.21546592485582,23.632756453091176
81,0,90.12075362525272,23.646964198052046
81,1,90.12075362525272,23.644802149905825
81,2,90.12021739142622,23.64443151308076
81,3,90.11974818682805,23.64443151308076
81,4,90.11934601145819,23.64461683149329
82,0,90.11532425775954,23.64622292440191
82,1,90.11539128698784,23.645296332339246
83,0,90.11458693624812,23.645111013926716
83,1,90.11418476087826,23.644740377101648
83,2,90.11418476087826,23.644493285884938
83,3,90.11492208238967,23.644493285884938
83,4,90.11492208238967,23.644307967472404
84,0,90.11451990701981,23.645049241122535
84,1,90.11418476087826,23.64467860429747
85,0,90.11599455004264,23.644863922710005
85,1,90.11552534544447,23.64443151308076
86,0,90.25990630322586,23.642145919326186
86,1,90.25957115708431,23.641837055305295
87,0,90.17330454024835,23.641589964088585
87,1,90.1730364233351,23.64121932726352
88,0,90.1580218761935,23.63930437033401
88,1,90.15849108079168,23.638995506313123
89,0,90.22572139678736,23.638377778271344
89,1,90.22190073077365,23.638439551075525
89,2,90.22176667231703,23.63800714144628
90,0,90.22572139678736,23.638377778271344
90,1,90.22578842601568,23.635659774887525
90,2,90.22565436755906,23.63553622927917
90,3,90.22183370154535,23.63553622927917
90,4,90.22176667231703,23.6379453686421
91,0,90.22009094160926,23.637883595837923
91,1,90.21962173701108,23.637574731817036
92,0,90.22371051993805,23.63664813975437
92,1,90.22337537379649,23.636462821341837
93,0,90.10909053952663,23.63294177150371
93,1,90.1088224226134,23.632447589070285
94,0,90.24040079778743,23.632138725049398
94,1,90.24006565164588,23.63182986102851
95,0,90.1082191595586,23.62237862198932
95,1,90.10855430570015,23.622069757968433
96,0,90.15694940854053,23.61033292517467
96,1,90.15795484696518,23.610271152370494
96,2,90.15795484696518,23.607553148986675
96,3,90.15782078850856,23.607429603378318
96,4,90.15540773628938,23.607429603378318
96,5,90.15534070706107,23.607553148986675
97,0,90.14709611197884,23.59686645386393
97,1,90.14669393660898,23.596434044234687
98,0,90.14702908275054,23.596804681059755
98,1,90.14669393660898,23.596495817038868
99,0,90.13489679242629,23.594086677675936
99,1,90.13469570474135,23.593839586459225
99,2,90.13402541245824,23.593839586459225
99,3,90.13389135400162,23.593716040850868
99,4,90.13389135400162,23.59105981027123
99,5,90.13402541245824,23.590936264662872
99,6,90.13784607847195,23.590936264662872
99,7,90.13791310770027,23.59365426804669
99,8,90.13777904924365,23.59377781365505
99,9,90.13791310770027,23.593839586459225
100,0,90.13663955236237,23.593592495242515
100,1,90.13663955236237,23.593283631221627
100,2,90.13643846467743,23.593098312809094
100,3,90.13596926007925,23.593036540004913
100,4,90.13576817239432,23.592851221592383
