Row 3 contains the names of relevant pypsa variables,,,,
Line Name,Start Bus,End Bus,Length(km),Conductor
name,bus0,bus1,,
BIPTC1_400kV_DCtoBangladesh Border1_400kV_DC_Line1,BIPTC1_400kV_DC,BangladeshBorder1_400kV_DC,27.35,Twin Finch
BIPTC1_400kV_DCtoBangladesh Border1_400kV_DC_Line2,BIPTC1_400kV_DC,BangladeshBorder1_400kV_DC,27.35,Twin Finch
Aminbazar_400kVtoMeghnaghat_400kV_Line1,Aminbazar_400kV,Meghnaghat_400kV,55,Quad Egret
Aminbazar_400kVtoMeghnaghat_400kV_Line2,Aminbazar_400kV,Meghnaghat_400kV,55,Quad Egret
CumillaNorth_400kVtoBangladesh Border_400kV_Line1,CumillaNorth_400kV,Bangladesh Border_400kV,28,Twin Finch
CumillaNorth_400kVtoBangladesh Border_400kV_Line2,CumillaNorth_400kV,Bangladesh Border_400kV,28,Twin Finch
Bibiyana_400kVtoKaliakoir_400kV_Line1,Bibiyana_400kV,Kaliakoir_400kV,169.5,Twin Finch
Bibiyana_400kVtoKaliakoir_400kV_Line2,Bibiyana_400kV,Kaliakoir_400kV,169.5,Twin Finch
AshuganjNorth_400kVtoBhulta_400kV_Line1,AshuganjNorth_400kV,Bhulta_400kV,69,Twin Finch
AshuganjNorth_400kVtoBhulta_400kV_Line2,AshuganjNorth_400kV,Bhulta_400kV,69,Twin Finch
Payra_400kVtoGopalganjNorth_400kV_Line1,Payra_400kV,GopalganjNorth_400kV,163.55,Quad Finch
Payra_400kVtoGopalganjNorth_400kV_Line2,Payra_400kV,GopalganjNorth_400kV,163.55,Quad Finch
BSRM_230kVtoMirsarai_230kV_Line1,BSRM_230kV,Mirsarai_230kV,16.5,Twin Finch
BSRM_230kVtoMirsarai_230kV_Line2,BSRM_230kV,Mirsarai_230kV,16.5,Twin Finch
BIPTC2_400kV_DCtoBangladeshBorder2_400kV_DC_Line1,BIPTC2_400kV_DC,BangladeshBorder2_400kV_DC,28,Twin Finch
BIPTC2_400kV_DCtoBangladeshBorder2_400kV_DC_Line2,BIPTC2_400kV_DC,BangladeshBorder2_400kV_DC,28,Twin Finch
PayraPP_400kVtoPayra_400kV_Line1,PayraPP_400kV,Payra_400kV,1.2,Quad Finch
PayraPP_400kVtoPayra_400kV_Line2,PayraPP_400kV,Payra_400kV,1.2,Quad Finch
Banskhali_400kVtoMadunaghat_400kV_Line1,Banskhali_400kV,Madunaghat_400kV,55.5,Quad Finch
Banskhali_400kVtoMadunaghat_400kV_Line2,Banskhali_400kV,Madunaghat_400kV,55.5,Quad Finch
Matarbari_132kVtoMadunaghat_400kV_Line1,Matarbari_132kV,Madunaghat_400kV,3.5,Quad Finch
Matarbari_132kVtoMadunaghat_400kV_Line2,Matarbari_132kV,Madunaghat_400kV,3.5,Quad Finch
Matarbari_132kVtoMadunaghat_400kV_Line3,Matarbari_132kV,Madunaghat_400kV,3.5,Quad Finch
Matarbari_132kVtoMadunaghat_400kV_Line4,Matarbari_132kV,Madunaghat_400kV,3.5,Quad Finch
Monakosa_400kVtoRahanpur_400kV_Line1,Monakosa_400kV,Rahanpur_400kV,30,Twin Finch
Monakosa_400kVtoRahanpur_400kV_Line2,Monakosa_400kV,Rahanpur_400kV,30,Twin Finch
Rampal_400kVtoGopalganj_132kV_Line1,Rampal_400kV,Gopalganj_132kV,96.7,Quad Finch
Rampal_400kVtoGopalganj_132kV_Line2,Rampal_400kV,Gopalganj_132kV,96.7,Quad Finch
Rampal_400kVtoGopalganjNorth_400kV_Line1,Rampal_400kV,GopalganjNorth_400kV,96.7,Quad Finch
Rampal_400kVtoGopalganjNorth_400kV_Line2,Rampal_400kV,GopalganjNorth_400kV,96.7,Quad Finch
GopalganjNorth_400kVtoAminbazar_400kV_Line1,GopalganjNorth_400kV,Aminbazar_400kV,75.3,Quad Finch
GopalganjNorth_400kVtoAminbazar_400kV_Line2,GopalganjNorth_400kV,Aminbazar_400kV,75.3,Quad Finch
BoguraWest_400kVtoRahanpur_400kV_Line1,BoguraWest_400kV,Rahanpur_400kV,105,Twin Finch
BoguraWest_400kVtoRahanpur_400kV_Line2,BoguraWest_400kV,Rahanpur_400kV,105,Twin Finch
BargunaPP_400kVtoPayraPP_400kV_Line1,BargunaPP_400kV,PayraPP_400kV,27.8,Quad Finch
Matarbari_400kVtoBanskhali_400kV_Line1,Matarbari_400kV,Banskhali_400kV,38,Quad Finch
Matarbari_4002kVtoBanskhali_400kV_Line2,Matarbari_400kV,Banskhali_400kV,38,Quad Finch
Madunaghat_400kVtoKorerhat_400kV_Line1,Madunaghat_400kV,Korerhat_400kV,66,Quad Finch
Madunaghat_400kVtoKorerhat_400kV_Line2,Madunaghat_400kV,Korerhat_400kV,66,Quad Finch
Meghnaghat_400kVtoKorerhat_400kV_Line1,Meghnaghat_400kV,Korerhat_400kV,151,Quad Finch
Meghnaghat_400kVtoKorerhat_400kV_Line2,Meghnaghat_400kV,Korerhat_400kV,151,Quad Finch
RNPP_400kVtoBoguraWest_400kV_Line1,RNPP_400kV,BoguraWest_400kV,90,Quad Finch
BoguraWest_400kVtoBarapukuria_230kV_Line1,BoguraWest_400kV,Barapukuria_230kV,112,Quad Finch
BoguraWest_400kVtoBarapukuria_230kV_Line2,BoguraWest_400kV,Barapukuria_230kV,112,Quad Finch
PayraPP_400kVtoAmtali_400kV_Line1,PayraPP_400kV,Amtali_400kV,17,Quad Finch
PayraPP_400kVtoAmtali_400kV_Line2,PayraPP_400kV,Amtali_400kV,17,Quad Finch
GopalganjNorth_400kVtoAmtali_400kV_Line1,GopalganjNorth_400kV,Amtali_400kV,147,Quad Finch
GopalganjNorth_400kVtoAmtali_400kV_Line2,GopalganjNorth_400kV,Amtali_400kV,147,Quad Finch
Amtali_400kVtoRNPL_400kV_Line1,Amtali_400kV,RNPL_400kV,9.9,Quad Finch
Amtali_400kVtoRNPL_400kV_Line2,Amtali_400kV,RNPL_400kV,9.9,Quad Finch
Bogura_400kVtoKaliakoir_400kV_Line1,Bogura_400kV,Kaliakoir_400kV,73,Quad Finch
Bogura_400kVtoKaliakoir_400kV_Line2,Bogura_400kV,Kaliakoir_400kV,73,Quad Finch
Aminbazar_400kVtoKaliakoir_400kV_Line1,Aminbazar_400kV,Kaliakoir_400kV,51,Quad Finch
RNPP_400kVtoGopalganjNorth_400kV_Line1,RNPP_400kV,GopalganjNorth_400kV,156,Quad Finch
Ghorashal_230kVtoIshwardi_230kV_Line1,Ghorashal_230kV,Ishwardi_230kV,175,Mallard
Ghorashal_230kVtoIshwardi_230kV_Line2,Ghorashal_230kV,Ishwardi_230kV,175,Mallard
Tongi_230kVtoGhorashal_230kV_Line1,Tongi_230kV,Ghorashal_230kV,27,Mallard
Tongi_230kVtoGhorashal_230kV_Line2,Tongi_230kV,Ghorashal_230kV,27,Mallard
Ghorashal_230kVtoAshuganj_230kV_Line1,Ghorashal_230kV,Ashuganj_230kV,44,Mallard
Ghorashal_230kVtoAshuganj_230kV_Line2,Ghorashal_230kV,Ashuganj_230kV,44,Mallard
Raozan_230kVtoHathazari_230kV_Line1,Raozan_230kV,Hathazari_230kV,22.5,Twin 300 sqmm
Raozan_230kVtoHathazari_230kV_Line2,Raozan_230kV,Hathazari_230kV,22.5,Twin 300 sqmm
Ashuganj_230kVtoCumillaNorth_230kV_Line1,Ashuganj_230kV,CumillaNorth_230kV,79,Finch
Ashuganj_230kVtoCumillaNorth_230kV_Line2,Ashuganj_230kV,CumillaNorth_230kV,79,Finch
Ghorashal_230kVtoBhulta_230kV_Line1,Ghorashal_230kV,Bhulta_230kV,50,Twin Mallard
Ghorashal_230kVtoBhulta_230kV_Line2,Ghorashal_230kV,Bhulta_230kV,50,Twin Mallard
Bhulta_230kVtoRampura_230kV_Line1,Bhulta_230kV,Rampura_230kV,20,Twin Mallard
Bhulta_230kVtoRampura_230kV_Line2,Bhulta_230kV,Rampura_230kV,20,Twin Mallard
Haripur_230kVtoBhulta_230kV_Line1,Haripur_230kV,Bhulta_230kV,22,Twin Mallard
Haripur_230kVtoBhulta_230kV_Line2,Haripur_230kV,Bhulta_230kV,22,Twin Mallard
Bhulta_230kVtoRampura_230kV_Line1,Bhulta_230kV,Rampura_230kV,20,Twin Mallard
Bhulta_230kVtoRampura_230kV_Line1,Bhulta_230kV,Rampura_230kV,20,Twin Mallard
Haripur_230kVtoMeghnaghat_230kV_Line1,Haripur_230kV,Meghnaghat_230kV,12.5,Twin Mallard
Haripur_230kVtoMeghnaghat_230kV_Line2,Haripur_230kV,Meghnaghat_230kV,12.5,Twin Mallard
Meghnaghat_230kVtoShyampur_230kV_Line1,Meghnaghat_230kV,Shyampur_230kV,12.25,Twin Mallard
Meghnaghat_230kVtoShyampur_230kV_Line2,Meghnaghat_230kV,Shyampur_230kV,12.25,Twin Mallard
Shyampur_230kVtoHasnabad_230kV_Line1,Shyampur_230kV,Hasnabad_230kV,12.25,Twin Mallard
Shyampur_230kVtoHasnabad_230kV_Line2,Shyampur_230kV,Hasnabad_230kV,12.25,Twin Mallard
CumillaNorth_230kVtoFeniNorth_230kV_Line1,CumillaNorth_230kV,FeniNorth_230kV,70,Finch
CumillaNorth_230kVtoFeniNorth_230kV_Line2,CumillaNorth_230kV,FeniNorth_230kV,70,Finch
FeniNorth_230kVtoBSRM_230kV_Line1,FeniNorth_230kV,BSRM_230kV,26,Finch
FeniNorth_230kVtoBSRM_230kV_Line2,FeniNorth_230kV,BSRM_230kV,26,Finch
BSRM_230kVtoGPH_230kV_Line1,BSRM_230kV,GPH_230kV,40,Finch
BSRM_230kVtoGPH_230kV_Line2,BSRM_230kV,GPH_230kV,40,Finch
GPH_230kVtoAKSPL_230kV_Line1,GPH_230kV,AKSPL_230kV,13,Finch
GPH_230kVtoAKSPL_230kV_Line2,GPH_230kV,AKSPL_230kV,13,Finch
AKSPL_230kVtoHathazari_230kV_Line1,AKSPL_230kV,Hathazari_230kV,9,Finch
AKSPL_230kVtoHathazari_230kV_Line2,AKSPL_230kV,Hathazari_230kV,9,Finch
AESHaripur_230kVtoHaripur_230kV_Line1,AESHaripur_230kV,Haripur_230kV,2.4,Finch
AESHaripur_230kVtoHaripur_230kV_Line2,AESHaripur_230kV,Haripur_230kV,2.4,Finch
CumillaNorth_230kVtoMeghnaghat_230kV_Line1,CumillaNorth_230kV,Meghnaghat_230kV,58,Twin Mallard
CumillaNorth_230kVtoMeghnaghat_230kV_Line2,CumillaNorth_230kV,Meghnaghat_230kV,58,Twin Mallard
Tongi_230kVtoKaliakoir_230kV_Line1,Tongi_230kV,Kaliakoir_230kV,25.2,Twin AAAC
Tongi_230kVtoKaliakoir_230kV_Line2,Tongi_230kV,Kaliakoir_230kV,25.2,Twin AAAC
Kaliakoir_230kVtoAminbazar_230kV_Line1,Kaliakoir_230kV,Aminbazar_230kV,32,Twin AAAC
Kaliakoir_230kVtoAminbazar_230kV_Line2,Kaliakoir_230kV,Aminbazar_230kV,32,Twin AAAC
Aminbazar_230kVtoKeraniganj_230kV_Line1,Aminbazar_230kV,Keraniganj_230kV,10.75,Twin AAAC
Aminbazar_230kVtoKeraniganj_230kV_Line2,Aminbazar_230kV,Keraniganj_230kV,10.75,Twin AAAC
Hasnabad_230kVtoKeraniganj_230kV_Line1,Hasnabad_230kV,Keraniganj_230kV,10.75,Twin AAAC
Hasnabad_230kVtoKeraniganj_230kV_Line2,Hasnabad_230kV,Keraniganj_230kV,10.75,Twin AAAC
Ashuganj_230kVtoSripur_230kV_Line1,Ashuganj_230kV,Sripur_230kV,75,Twin AAAC
Ashuganj_230kVtoSripur_230kV_Line2,Ashuganj_230kV,Sripur_230kV,75,Twin AAAC
Sripur_230kVtoSirajganjSouthWest_230kV_Line1,Sripur_230kV,SirajganjSouthWest_230kV,69,Twin AAAC
Sripur_230kVtoSirajganjSouthWest_230kV_Line2,Sripur_230kV,SirajganjSouthWest_230kV,69,Twin AAAC
KhulnaSouth_230kVtoJhenaidahSouth_230kV_Line1,KhulnaSouth_230kV,JhenaidahSouth_230kV,96,Twin AAAC
KhulnaSouth_230kVtoJhenaidahSouth_230kV_Line2,KhulnaSouth_230kV,JhenaidahSouth_230kV,96,Twin AAAC
JhenaidahSouth_230kVtoBheramara_230kV_Line1,JhenaidahSouth_230kV,Bheramara_230kV,80.5,Twin AAAC
JhenaidahSouth_230kVtoBheramara_230kV_Line2,JhenaidahSouth_230kV,Bheramara_230kV,80.5,Twin AAAC
Bheramara_230kVtoIshwardi_230kV_Line1,Bheramara_230kV,Ishwardi_230kV,10.1,Twin AAAC
Bheramara_230kVtoIshwardi_230kV_Line2,Bheramara_230kV,Ishwardi_230kV,10.1,Twin AAAC
BoguraWest_230kVtoBarapukuria_230kV_Line1,BoguraWest_230kV,Barapukuria_230kV,106,Twin AAAC
BoguraWest_230kVtoBarapukuria_230kV_Line2,BoguraWest_230kV,Barapukuria_230kV,106,Twin AAAC
BoguraSouth_230kVtoBoguraWest_230kV_Line1,BoguraSouth_230kV,BoguraWest_230kV,11,Twin AAAC
BoguraSouth_230kVtoBoguraWest_230kV_Line2,BoguraSouth_230kV,BoguraWest_230kV,11,Twin AAAC
BoguraSouth_230kVtoBoguraWest_230kV_Line3,BoguraSouth_230kV,BoguraWest_230kV,11,Twin AAAC
BoguraSouth_230kVtoBoguraWest_230kV_Line4,BoguraSouth_230kV,BoguraWest_230kV,11,Twin AAAC
SirajganjSouthWest_230kVtoBoguraSouth_230kV_Line1,SirajganjSouthWest_230kV,BoguraSouth_230kV,72.5,Twin AAAC
SirajganjSouthWest_230kVtoBoguraSouth_230kV_Line2,SirajganjSouthWest_230kV,BoguraSouth_230kV,72.5,Twin AAAC
Ishwardi_230kVtoBaghabari_230kV_Line1,Ishwardi_230kV,Baghabari_230kV,55,Twin AAAC
Ishwardi_230kVtoBaghabari_230kV_Line2,Ishwardi_230kV,Baghabari_230kV,55,Twin AAAC
Baghabari_230kVtoSirajganjSouthWest_230kV_Line1,Baghabari_230kV,SirajganjSouthWest_230kV,38,Twin AAAC
Baghabari_230kVtoSirajganjSouthWest_230kV_Line2,Baghabari_230kV,SirajganjSouthWest_230kV,38,Twin AAAC
Fenchuganj_230kVtoBibiyana_230kV_Line1,Fenchuganj_230kV,Bibiyana_230kV,33.5,Twin Mallard
Fenchuganj_230kVtoBibiyana_230kV_Line2,Fenchuganj_230kV,Bibiyana_230kV,33.5,Twin Mallard
Bibiyana_230kVtoShahjibazar_230kV_Line1,Bibiyana_230kV,Shahjibazar_230kV,95,Twin Mallard
Bibiyana_230kVtoShahjibazar_230kV_Line2,Bibiyana_230kV,Shahjibazar_230kV,95,Twin Mallard
Shahjibazar_230kVtoCumillaNorth_230kV_Line1,Shahjibazar_230kV,CumillaNorth_230kV,58.5,Twin Mallard
Shahjibazar_230kVtoCumillaNorth_230kV_Line2,Shahjibazar_230kV,CumillaNorth_230kV,58.5,Twin Mallard
Aminbazar_230kVtoAgargaon_230kV_Line1,Aminbazar_230kV,Agargaon_230kV,7.5,Twin Mallard
Aminbazar_230kVtoAgargaon_230kV_Line2,Aminbazar_230kV,Agargaon_230kV,7.5,Twin Mallard
Siddhirganj_230kVtoManiknagar_230kV_Line1,Siddhirganj_230kV,Maniknagar_230kV,11,Twin Mallard
Siddhirganj_230kVtoManiknagar_230kV_Line2,Siddhirganj_230kV,Maniknagar_230kV,11,Twin Mallard
BarishalNorth_230kVtoBorhanuddin_230kV_Line1,BarishalNorth_230kV,Borhanuddin_230kV,62.5,Twin Mallard
BarishalNorth_230kVtoBorhanuddin_230kV_Line2,BarishalNorth_230kV,Borhanuddin_230kV,62.5,Twin Mallard
BheramaraHVDC_230kVtoBheramara_230kV_Line1,BheramaraHVDC_230kV,Bheramara_230kV,6,Twin AAAC
BheramaraHVDC_230kVtoBheramara_230kV_Line2,BheramaraHVDC_230kV,Bheramara_230kV,6,Twin AAAC
Haripur_230kVtoSiddhirganj_230kV_Line1,Haripur_230kV,Siddhirganj_230kV,1.65,Twin Mallard
Haripur_230kVtoSiddhirganj_230kV_Line2,Haripur_230kV,Siddhirganj_230kV,1.65,Twin Mallard
Bheramara_230kVtoIshwardi_230kV_Line1,Bheramara_230kV,Ishwardi_230kV,12.8,Quad Mallard
Bheramara_230kVtoIshwardi_230kV_Line2,Bheramara_230kV,Ishwardi_230kV,12.8,Quad Mallard
Sikalbaha_230kVtoAnwara_230kV_Line1,Sikalbaha_230kV,Anwara_230kV,17.5,Twin Mallard
Sikalbaha_230kVtoAnwara_230kV_Line2,Sikalbaha_230kV,Anwara_230kV,17.5,Twin Mallard
Patuakhali_230kVtoPayra_230kV_Line1,Patuakhali_230kV,Payra_230kV,46.5,Twin Mallard
Patuakhali_230kVtoPayra_230kV_Line2,Patuakhali_230kV,Payra_230kV,46.5,Twin Mallard
RajshahiNorth_230kVtoIshwardi_230kV_Line1,RajshahiNorth_230kV,Ishwardi_230kV,79,Twin Mallard
RajshahiNorth_230kVtoIshwardi_230kV_Line2,RajshahiNorth_230kV,Ishwardi_230kV,79,Twin Mallard
Madunaght_230kVtoHathazari_230kV_Line1,Madunaght_230kVt,Hathazari_230kV,28.35,Quad Mallard
Madunaght_230kVttoHathazari_230kV_Line2,Madunaght_230kVt,Hathazari_230kV,28.35,Quad Mallard
Rampal_230kVtoKhulnaSouth_230kV_Line1,Rampal_230kV,KhulnaSouth_230kV,24,Twin Mallard
Rampal_230kVtoKhulnaSouth_230kV_Line2,Rampal_230kV,KhulnaSouth_230kV,24,Twin Mallard
BarishalNorth_230kVtoGopalganjNorth_230kV_Line1,BarishalNorth_230kV,GopalganjNorth_230kV,75,Twin Mallard
BarishalNorth_230kVtoGopalganjNorth_230kV_Line2,BarishalNorth_230kV,GopalganjNorth_230kV,75,Twin Mallard
GopalganjNorth_230kVtoFaridpur_230kV_Line1,GopalganjNorth_230kV,Faridpur_230kV,49,Twin Mallard
GopalganjNorth_230kVtoFaridpur_230kV_Line2,GopalganjNorth_230kV,Faridpur_230kV,49,Twin Mallard
Madunaght_230kVtoSikalbaha_230kV_Line1,Madunaght_230kV,Sikalbaha_230kV,11.7,Quad Mallard
Madunaght_230kVtoSikalbaha_230kV_Line2,Madunaght_230kV,Sikalbaha_230kV,11.7,Quad Mallard
Madunaght_230kVtoMadunaght_230kV_Line1,Madunaght_230kV,Madunaght_230kV,7,Twin Mallard
Madunaght_230kVtoMadunaght_230kV_Line2,Madunaght_230kV,Madunaght_230kV,7,Twin Mallard
RNPP_230kVtoBaghabari_230kV_Line1,RNPP_230kV,Baghabari_230kV,65.5,Twin Mallard
RNPP_230kVtoBaghabari_230kV_Line2,RNPP_230kV,Baghabari_230kV,65.5,Twin Mallard
Khulna330MW_230kVtoKhulnaSouth_230kV_Line1,Khulna330MW_230kV,KhulnaSouth_230kV,14,Twin Mallard
Sonagazi_230kVtoMirsarai_230kV_Line1,Sonagazi_230kV,Mirsarai_230kV,13.3,Twin Mallard
Korerhat_230kVtoChowmuhani_230kV_Line1,Korerhat_230kV,Chowmuhani_230kV,54,Twin Mallard
Korerhat_230kVtoChowmuhani_230kV_Line2,Korerhat_230kV,Chowmuhani_230kV,54,Twin Mallard
Korerhat_230kVtoChowmuhani_230kV_Line3,Korerhat_230kV,Chowmuhani_230kV,54,Twin Mallard
Korerhat_230kVtoChowmuhani_230kV_Line4,Korerhat_230kV,Chowmuhani_230kV,54,Twin Mallard
Chowmuhani_230kVtoKachua_230kV_Line1,Chowmuhani_230kV,Kachua_230kV,50.5,Twin Mallard
Chowmuhani_230kVtoKachua_230kV_Line2,Chowmuhani_230kV,Kachua_230kV,50.5,Twin Mallard
Chowmuhani_230kVtoKachua_230kV_Line3,Chowmuhani_230kV,Kachua_230kV,50.5,Twin Mallard
Chowmuhani_230kVtoKachua_230kV_Line4,Chowmuhani_230kV,Kachua_230kV,50.5,Twin Mallard
Chowmuhani_230kVtoMaijdee_230kV_Line1,Chowmuhani_230kV,Maijdee_230kV,20.5,Twin Mallard
Chowmuhani_230kVtoMaijdee_230kV_Line2,Chowmuhani_230kV,Maijdee_230kV,20.5,Twin Mallard
Barapukuria_230kVtoPurbasadipur_230kV_Line1,Barapukuria_230kV,Purbasadipur_230kV,38.7,Twin Mallard
Barapukuria_230kVtoPurbasadipur_230kV_Line2,Barapukuria_230kV,Purbasadipur_230kV,38.7,Twin Mallard
Kachua_230kVtoGazaria_230kV_Line1,Kachua_230kV,Gazaria_230kV,49,Twin Mallard
Kachua_230kVtoGazaria_230kV_Line2,Kachua_230kV,Gazaria_230kV,49,Twin Mallard
Kachua_230kVtoGazaria_230kV_Line3,Kachua_230kV,Gazaria_230kV,49,Twin Mallard
Kachua_230kVtoGazaria_230kV_Line4,Kachua_230kV,Gazaria_230kV,49,Twin Mallard
GhorashalSouthWest_230kVtoGhorashal_230kV_Line1,GhorashalSouthWest_230kV,Ghorashal_230kV,1.1,XLPE 2000 sq mm
GhorashalSouthWest_230kVtoGhorashal_230kV_Line2,GhorashalSouthWest_230kV,Ghorashal_230kV,1.1,XLPE 2000 sq mm
GhorashalSouthWest_230kVtoGhorashal_230kV_Line3,GhorashalSouthWest_230kV,Ghorashal_230kV,1.1,XLPE 2000 sq mm
Shahjibazar_132kVtoBrahmanbaria_132kV_Line1,Shahjibazar_132kV,Brahmanbaria_132kV,57,Grosbeak
Shahjibazar_132kVtoBrahmanbaria_132kV_Line2,Shahjibazar_132kV,Brahmanbaria_132kV,57,Grosbeak
Brahmanbaria_132kVtoAshuganj_132kV_Line1,Brahmanbaria_132kV,Ashuganj_132kV,16.5,Grosbeak
Brahmanbaria_132kVtoAshuganj_132kV_Line2,Brahmanbaria_132kV,Ashuganj_132kV,16.5,Grosbeak
Ashuganj_132kVtoGhorashal_132kV_Line1,Ashuganj_132kV,Ghorashal_132kV,45.5,Grosbeak
Ashuganj_132kVtoGhorashal_132kV_Line2,Ashuganj_132kV,Ghorashal_132kV,45.5,Grosbeak
Ghorashal_132kVtoNarsingdi_132kV_Line1,Ghorashal_132kV,Narsingdi_132kV,13.5,Grosbeak
Ghorashal_132kVtoNarsingdi_132kV_Line2,Ghorashal_132kV,Narsingdi_132kV,13.5,Grosbeak
Narsingdi_132kVtoHaripur_132kV_Line1,Narsingdi_132kV,Haripur_132kV,34,Grosbeak
Narsingdi_132kVtoBhulta_132kV_Line1,Narsingdi_132kV,Bhulta_132kV,16,Grosbeak
Narsingdi_132kVtoBhulta_132kV_Line2,Narsingdi_132kV,Bhulta_132kV,16,Grosbeak
Bhulta_132kVtoHaripur_132kV_Line1,Bhulta_132kV,Haripur_230kV,15,Grosbeak
Bhulta_132kVtoHaripur_132kV_Line2,Bhulta_132kV,Haripur_230kV,15,Grosbeak
Haripur_132kVtoSiddhirganj_132kV_Line1,Haripur_230kV,Siddhirganj_132kV,2,Grosbeak
Haripur_132kVtoSiddhirganj_132kV_Line2,Haripur_230kV,Siddhirganj_132kV,2,Grosbeak
Shahjibazar_132kVtoSrimangal_132kV_Line1,Shahjibazar_132kV,Srimangal_132kV,36,Grosbeak
Shahjibazar_132kVtoSrimangal_132kV_Line2,Shahjibazar_132kV,Srimangal_132kV,36,Grosbeak
Srimangal_132kVtoFenchuganj_132kV_Line1,Srimangal_132kV,Fenchuganj_132kV,49,Grosbeak
Srimangal_132kVtoFenchuganj_132kV_Line2,Srimangal_132kV,Fenchuganj_132kV,49,Grosbeak
FenchuganjPS_132kVtoFenchuganj_132kV_Line1,FenchuganjPS_132kV,Fenchuganj_132kV,3.75,Grosbeak
FenchuganjPS_132kVtoFenchuganj_132kV_Line2,FenchuganjPS_132kV,Fenchuganj_132kV,3.75,Grosbeak
FenchuganjPS_132kVtoFenchuganj_132kV_Line3,FenchuganjPS_132kV,Fenchuganj_132kV,3.75,Grosbeak
FenchuganjPS_132kVtoFenchuganj_132kV_Line4,FenchuganjPS_132kV,Fenchuganj_132kV,3.75,Grosbeak
FenchuganjPS_132kVtoSylhetSouth_132kV_Line1,SylhetSouth_132kV,Fenchuganj_132kV,5,Grosbeak
SylhetSouth_132kVtoFenchuganj_132kV_Line1,SylhetSouth_132kV,Fenchuganj_132kV,25,Grosbeak
Sylhet_132kVtoSylhetSouth_132kV_Line1,Sylhet_132kV,SylhetSouth_132kV,5,Grosbeak
Sylhet_132kVtoSylhetSouth_132kV_Line2,Sylhet_132kV,SylhetSouth_132kV,5,Grosbeak
Sylhet_132kVtoChhatak_132kV_Line1,Sylhet_132kV,Chhatak_132kV,33,Grosbeak
Sylhet_132kVtoChhatak_132kV_Line2,Sylhet_132kV,Chhatak_132kV,33,Grosbeak
Kaptai_132kVtoHathazari_132kV_Line1,Kaptai_132kV,Hathazari_132kV,45,Grosbeak
Kaptai_132kVtoHathazari_132kV_Line2,Kaptai_132kV,Hathazari_132kV,45,Grosbeak
Hathazari_132kVtoBaroirhat_132kV_Line1,Hathazari_132kV,Baroirhat_132kV,63.5,Grosbeak
Hathazari_132kVtoBaroirhat_132kV_Line2,Hathazari_132kV,Baroirhat_132kV,63.5,Grosbeak
Feni_132kVtoCumillaNorth_132kV_Line1,Feni_132kV,CumillaNorth_132kV,66,Grosbeak
Feni_132kVtoCumillaNorth_132kV_Line2,Feni_132kV,CumillaNorth_132kV,66,Grosbeak
CumillaNorth_132kVtoMuradnagar_132kV_Line1,CumillaNorth_132kV,Muradnagar_132kV,29,Grosbeak
CumillaNorth_132kVtoMuradnagar_132kV_Line2,CumillaNorth_132kV,Muradnagar_132kV,29,Grosbeak
Muradnagar_132kVtoDaudkandi_132kV_Line1,Muradnagar_132kV,Daudkandi_132kV,26,Grosbeak
Muradnagar_132kVtoDaudkandi_132kV_Line2,Muradnagar_132kV,Daudkandi_132kV,26,Grosbeak
Daudkandi_132kVtoSonargaon_132kV_Line1,Daudkandi_132kV,Sonargaon_132kV,61.5,Grosbeak
Daudkandi_132kVtoSonargaon_132kV_Line2,Daudkandi_132kV,Sonargaon_132kV,61.5,Grosbeak
Sonargaon_132kVtoHaripur_132kV_Line1,Sonargaon_132kV,Haripur_132kV,15,Grosbeak
Sonargaon_132kVtoHaripur_132kV_Line2,Sonargaon_132kV,Haripur_132kV,15,Grosbeak
Haripur_132kVtoSiddhirganj_132kV_Line1,Haripur_132kV,Siddhirganj_132kV,2.5,Grosbeak
Haripur_132kVtoSiddhirganj_132kV_Line2,Haripur_132kV,Siddhirganj_132kV,2.5,Grosbeak
CumillaNorth_132kVtoChandpur_132kV_Line1,CumillaNorth_132kV,Chandpur_132kV,78,Grosbeak
CumillaNorth_132kVtoCumillaSouth_132kV_Line1,CumillaNorth_132kV,CumillaSouth_132kV,16,Grosbeak
CumillaSouth_132kVtoChandpur_132kV_Line1,CumillaSouth_132kV,Chandpur_132kV,62,Linnet
Ashuganj_132kVtoBajitpur_132kV_Line1,Ashuganj_132kV,Bajitpur_132kV,21,Grosbeak
Ashuganj_132kVtoBajitpur_132kV_Line2,Ashuganj_132kV,Bajitpur_132kV,21,Grosbeak
Bajitpur_132kVtoKishoreganj_132kV_Line1,Bajitpur_132kV,Kishoreganj_132kV,31,Grosbeak
Bajitpur_132kVtoKishoreganj_132kV_Line2,Bajitpur_132kV,Kishoreganj_132kV,31,Grosbeak
Kishoreganj_132kVtoMymensingh_132kV_Line1,Kishoreganj_132kV,Mymensingh_132kV,59,Grosbeak
Kishoreganj_132kVtoMymensingh_132kV_Line2,Kishoreganj_132kV,Mymensingh_132kV,59,Grosbeak
Mymensingh_132kVtoJamalpur_132kV_Line1,Mymensingh_132kV,Jamalpur_132kV,55,Grosbeak
Mymensingh_132kVtoJamalpur_132kV_Line2,Mymensingh_132kV,Jamalpur_132kV,55,Grosbeak
Madunaghat_132kVtoSikalbaha_132kV_Line1,Madunaghat_132kV,Sikalbaha_132kV,17,Grosbeak
Madunaghat_132kVtoTKCCL_132kV_Line1,Madunaghat_132kV,TKCCL_132kV,9,Grosbeak
TKCCL_132kVtoSikalbaha_132kV_Line1,TKCCL_132kV,Sikalbaha_132kV,9,Grosbeak
Sikalbaha_132kVtoPatiya_132kV_Line1,Sikalbaha_132kV,Patiya_132kV,11,Grosbeak
Sikalbaha_132kVtoPatiya_132kV_Line2,Sikalbaha_132kV,Patiya_132kV,11,Grosbeak
Patiya_132kVtoDohazari_132kV_Line1,Patiya_132kV,Dohazari_132kV,21,Grosbeak
Patiya_132kVtoDohazari_132kV_Line2,Patiya_132kV,Dohazari_132kV,21,Grosbeak
Sikalbaha_132kVtoJuldah_132kV_Line1,Sikalbaha_132kV,Juldah_132kV,8,AAAC 804 sq mm
Juldah_132kVtoHalishahar_132kV_Line1,Juldah_132kV,Halishahar_132kV,8,AAAC 804 sq mm
Khulshi_132kVtoBaroaulia_132kV_Line1,Khulshi_132kV,Baroaulia_132kV,15,Grosbeak
Khulshi_132kVtoAKSML_132kV_Line1,Khulshi_132kV,AKSML_132kV,11,Grosbeak
AKSML_132kVtoBaroaulia_132kV_Line1,AKSML_132kV,Baroaulia_132kV,4,Grosbeak
Madunaghat_132kVtoSholoshahar_132kV_Line1,Madunaghat_132kV,Sholoshahar_132kV,6.5,Grosbeak
Madunaghat_132kVtoSholoshahar_132kV_Line2,Madunaghat_132kV,Sholoshahar_132kV,6.5,Grosbeak
Sholoshahar_132kVtoKhulshi_132kV_Line1,Sholoshahar_132kV,Khulshi_132kV,6.5,Grosbeak
Sholoshahar_132kVtoKhulshi_132kV_Line2,Sholoshahar_132kV,Khulshi_132kV,6.5,Grosbeak
Kaptai_132kVtoChandraghona_132kV_Line1,Kaptai_132kV,Chandraghona_132kV,11.5,Grosbeak
Kaptai_132kVtoChandraghona_132kV_Line2,Kaptai_132kV,Chandraghona_132kV,11.5,Grosbeak
Chandraghona_132kVtoMadunaghat_132kV_Line1,Chandraghona_132kV,Madunaghat_132kV,27,Grosbeak
Chandraghona_132kVtoMadunaghat_132kV_Line2,Chandraghona_132kV,Madunaghat_132kV,27,Grosbeak
Madunaghat_132kVtoHathazari_132kV_Line1,Madunaghat_132kV,Hathazari_132kV,10,Grosbeak
Madunaghat_132kVtoHathazari_132kV_Line2,Madunaghat_132kV,Hathazari_132kV,10,Grosbeak
Hathazari_132kVtoBaroaulia_132kV_Line1,Hathazari_132kV,Baroaulia_132kV,11,Grosbeak
Hathazari_132kVtoBaroaulia_132kV_Line2,Hathazari_132kV,Baroaulia_132kV,11,Grosbeak
Dohazari_132kVtoCox'sBazar_132kV_Line1,Dohazari_132kV,Cox'sBazar_132kV,87,Grosbeak
Dohazari_132kVtoCox'sBazar_132kV_Line2,Dohazari_132kV,Cox'sBazar_132kV,87,Grosbeak
Feni_132kVtoDaganbhuiyan_132kV_Line1,Feni_132kV,Daganbhuiyan_132kV,16,Grosbeak
Feni_132kVtoDaganbhuiyan_132kV_Line2,Feni_132kV,Daganbhuiyan_132kV,16,Grosbeak
Daganbhuiyan_132kVtoChowmuhani_132kV_Line1,Daganbhuiyan_132kV,Chowmuhani_132kV,16,Grosbeak
Daganbhuiyan_132kVtoChowmuhani_132kV_Line2,Daganbhuiyan_132kV,Chowmuhani_132kV,16,Grosbeak
Baroaulia_132kVtoKabir Steel_132kV_Line1,Baroaulia_132kV,Kabir Steel_132kV,4,Grosbeak
Mymensingh_132kVtoNetrokona_132kV_Line1,Mymensingh_132kV,Netrokona_132kV,34,Grosbeak
Mymensingh_132kVtoNetrokona_132kV_Line2,Mymensingh_132kV,Netrokona_132kV,34,Grosbeak
Goalpara_132kVtoKhulnaCentral_132kV_Line1,Goalpara_132kV,KhulnaCentral_132kV,1.5,AAAC 804 sq mm
Goalpara_132kVtoKhulnaCentral_132kV_Line2,Goalpara_132kV,KhulnaCentral_132kV,1.5,AAAC 804 sq mm
KhulnaCentral_132kVtoNoapara_132kV_Line1,KhulnaCentral_132kV,Noapara_132kV,23,AAAC 804 sq mm
KhulnaCentral_132kVtoNoapara_132kV_Line2,KhulnaCentral_132kV,Noapara_132kV,23,AAAC 804 sq mm
Noapara_132kVtoJashore_132kV_Line1,Noapara_132kV,Jashore_132kV,28,AAAC 804 sq mm
Noapara_132kVtoJashore_132kV_Line2,Noapara_132kV,Jashore_132kV,28,AAAC 804 sq mm
Jashore_132kVtoKaliganj_132kV_Line1,Jashore_132kV,Kaliganj_132kV,32,AAAC 804 sq mm
Jashore_132kVtoKaliganj_132kV_Line2,Jashore_132kV,Kaliganj_132kV,32,AAAC 804 sq mm
Kaliganj_132kVtoJhenaidahSouth_132kV_Line1,Kaliganj_132kV,JhenaidahSouth_132kV,15.5,AAAC 804 sq mm
Kaliganj_132kVtoJhenaidahSouth_132kV_Line2,Kaliganj_132kV,JhenaidahSouth_132kV,15.5,AAAC 804 sq mm
Jhenaidah_132kVtoKushtia_132kV_Line1,Jhenaidah_132kV,Kushtia_132kV,43,AAAC 804 sq mm
Jhenaidah_132kVtoKushtia_132kV_Line2,Jhenaidah_132kV,Kushtia_132kV,43,AAAC 804 sq mm
Kushtia_132kVtoBheramara_132kV_Line1,Kushtia_132kV,Bheramara_132kV,23,AAAC 804 sq mm
Kushtia_132kVtoBheramara_132kV_Line2,Kushtia_132kV,Bheramara_132kV,23,AAAC 804 sq mm
Bheramara_132kVtoIshwardi_132kV_Line1,Bheramara_132kV,Ishwardi_132kV,10,AAAC 804 sq mm
Bheramara_132kVtoIshwardi_132kV_Line2,Bheramara_132kV,Ishwardi_132kV,10,AAAC 804 sq mm
Ishwardi_132kVtoNatore_132kV_Line1,Ishwardi_132kV,Natore_132kV,42,AAAC 804 sq mm
Ishwardi_132kVtoNatore_132kV_Line2,Ishwardi_132kV,Natore_132kV,42,AAAC 804 sq mm
Natore_132kVtoBogura_132kV_Line1,Natore_132kV,Bogura_132kV,61,AAAC 804 sq mm
Natore_132kVtoBogura_132kV_Line2,Natore_132kV,Bogura_132kV,61,AAAC 804 sq mm
Bogura_132kVtoMahasthangarh_132kV_Line1,Bogura_132kV,Mahasthangarh_132kV,10,AAAC 804 sq mm
Bogura_132kVtoMahasthangarh_132kV_Line2,Bogura_132kV,Mahasthangarh_132kV,10,AAAC 804 sq mm
Mahasthangarh_132kVtoPalashbari_132kV_Line1,Mahasthangarh_132kV,Palashbari_132kV,40,AAAC 804 sq mm
Mahasthangarh_132kVtoPalashbari_132kV_Line2,Mahasthangarh_132kV,Palashbari_132kV,40,AAAC 804 sq mm
Palashbari_132kVtoMithapukur_132kV_Line1,Palashbari_132kV,Mithapukur_132kV,30,AAAC 804 sq mm
Palashbari_132kVtoMithapukur_132kV_Line2,Palashbari_132kV,Mithapukur_132kV,30,AAAC 804 sq mm
Mithapukur_132kVtoConfidencePP_132kV_Line1,Mithapukur_132kV,ConfidencePP_132kV,15,AAAC 804 sq mm
Mithapukur_132kVtoConfidencePP_132kV_Line2,Mithapukur_132kV,ConfidencePP_132kV,15,AAAC 804 sq mm
ConfidencePP_132kVtoRangpur_132kV_Line1,ConfidencePP_132kV,Rangpur_132kV,9,AAAC 804 sq mm
ConfidencePP_132kVtoRangpur_132kV_Line2,ConfidencePP_132kV,Rangpur_132kV,9,AAAC 804 sq mm
Rangpur_132kVtoTaraganj_132kV_Line1,Rangpur_132kV,Taraganj_132kV,19,AAAC 804 sq mm
Rangpur_132kVtoTaraganj_132kV_Line2,Rangpur_132kV,Taraganj_132kV,19,AAAC 804 sq mm
Taraganj_132kVtoSaidpur_132kV_Line1,Taraganj_132kV,Saidpur_132kV,21.5,AAAC 804 sq mm
Taraganj_132kVtoSaidpur_132kV_Line2,Taraganj_132kV,Saidpur_132kV,21.5,AAAC 804 sq mm
Saidpur_132kVtoPurbasadipur_132kV_Line1,Saidpur_132kV,Purbasadipur_132kV,24.5,AAAC 804 sq mm
Saidpur_132kVtoPurbasadipur_132kV_Line2,Saidpur_132kV,Purbasadipur_132kV,24.5,AAAC 804 sq mm
Purbasadipur_132kVtoThakurgaon_132kV_Line1,Purbasadipur_132kV,Thakurgaon_132kV,45,AAAC 804 sq mm
Purbasadipur_132kVtoThakurgaon_132kV_Line2,Purbasadipur_132kV,Thakurgaon_132kV,45,AAAC 804 sq mm
Rangpur_132kVtoTeestaSolar_132kV_Line1,Rangpur_132kV,TeestaSolar_132kV,35.7,Grosbeak
Rangpur_132kVtoTeestaSolar_132kV_Line2,Rangpur_132kV,TeestaSolar_132kV,35.7,Grosbeak
Barishal_132kVtoBhandaria_132kV_Line1,Barishal_132kV,Bhandaria_132kV,49,Hawk
Bhandaria_132kVtoBagerhat_132kV_Line1,Bhandaria_132kV,Bagerhat_132kV,40,Hawk
Bagerhat_132kVtoMongla_132kV_Line1,Bagerhat_132kV,Mongla_132kV,28,Hawk
Barishal_132kVtoBakerganj_132kV_Line1,Barishal_132kV,Bakerganj_132kV,18,Hawk
Bakerganj_132kVtoPatuakhali_132kV_Line1,Bakerganj_132kV,Patuakhali_132kV,20,Hawk
Bheramara_132kVtoFaridpur_132kV_Line1,Bheramara_132kV,Faridpur_132kV,105,Hawk
Bheramara_132kVtoFaridpur_132kV_Line2,Bheramara_132kV,Faridpur_132kV,105,Hawk
Faridpur_132kVtoMadaripur_132kV_Line1,Faridpur_132kV,Madaripur_132kV,65.5,Hawk
Faridpur_132kVtoMadaripur_132kV_Line2,Faridpur_132kV,Madaripur_132kV,65.5,Hawk
Madaripur_132kVtoBarishalNorth_132kV_Line1,Madaripur_132kV,BarishalNorth_132kV,48.5,Hawk
Madaripur_132kVtoBarishalNorth_132kV_Line2,Madaripur_132kV,BarishalNorth_132kV,48.5,Hawk
BarishalNorth_132kVtoBarishal_132kV_Line1,BarishalNorth_132kV,Barishal_132kV,10,Hawk
BarishalNorth_132kVtoBarishal_132kV_Line2,BarishalNorth_132kV,Barishal_132kV,10,Hawk
Rajshahi_132kVtoNatore_132kV_Line1,Rajshahi_132kV,Natore_132kV,37,Hawk
Ishwardi_132kVtoBaghabari_132kV_Line1,Ishwardi_132kV,Baghabari_132kV,63,Hawk
Baghabari_132kVtoShahjadpur_132kV_Line1,Baghabari_132kV,Shahjadpur_132kV,5,Hawk
Baghabari_132kVtoShahjadpur_132kV_Line2,Baghabari_132kV,Shahjadpur_132kV,5,Hawk
Baghabari_132kVtoUllapara_132kV_Line1,Baghabari_132kV,Ullapara_132kV,17,Grosbeak
Shahjadpur_132kVtoUllapara_132kV_Line1,Shahjadpur_132kV,Ullapara_132kV,13,Grosbeak
Ishwardi_132kVtoPabna_132kV_Line1,Ishwardi_132kV,Pabna_132kV,18,Grosbeak
Pabna_132kVtoShahjadpur_132kV_Line1,Pabna_132kV,Shahjadpur_132kV,41,Grosbeak
Bogura_132kVtoSirajganj_132kV_Line1,Bogura_132kV,Sirajganj_132kV,66,Grosbeak
Bogura_132kVtoSirajganj_132kV_Line2,Bogura_132kV,Sirajganj_132kV,66,Grosbeak
Sirajganj_132kVtoShahjadpur_132kV_Line1,Sirajganj_132kV,Shahjadpur_132kV,34,Grosbeak
Sirajganj_132kVtoBaghabari_132kV_Line1,Sirajganj_132kV,Baghabari_132kV,40,Grosbeak
Rajshahi_132kVtoRajshahiNorth_132kV_Line1,Rajshahi_132kV,RajshahiNorth_132kV,48,Grosbeak
Rajshahi_132kVtoRajshahiNorth_132kV_Line2,Rajshahi_132kV,RajshahiNorth_132kV,48,Grosbeak
Rangpur_132kVtoLalmonirhat_132kV_Line1,Rangpur_132kV,Lalmonirhat_132kV,38,Grosbeak
Bogura_132kVtoNaogaon_132kV_Line1,Bogura_132kV,Naogaon_132kV,44,Grosbeak
Bogura_132kVtoNaogaon_132kV_Line2,Bogura_132kV,Naogaon_132kV,44,Grosbeak
Kabirpur_132kVtoTangail_132kV_Line1,Kabirpur_132kV,Tangail_132kV,51,Grosbeak
Kabirpur_132kVtoTangail_132kV_Line2,Kabirpur_132kV,Tangail_132kV,51,Grosbeak
Tongi_132kVtoMirpur_132kV_Line1,Tongi_132kV,Mirpur_132kV,17,Grosbeak
Tongi_132kVtoUttara_132kV_Line1,Tongi_132kV,Uttara_132kV,15,Grosbeak
Uttara_132kVtoMirpur_132kV_Line1,Uttara_132kV,Mirpur_132kV,9,Grosbeak
Mirpur_132kVtoAminbazar_132kV_Line1,Mirpur_132kV,Aminbazar_132kV,7,Grosbeak
Mirpur_132kVtoAminbazar_132kV_Line2,Mirpur_132kV,Aminbazar_132kV,7,Grosbeak
Aminbazar_132kVtoKallayanpur_132kV_Line1,Aminbazar_132kV,Kallayanpur_132kV,4,Grosbeak
Aminbazar_132kVtoKallayanpur_132kV_Line2,Aminbazar_132kV,Kallayanpur_132kV,4,Grosbeak
Kallayanpur_132kVtoLalbagh_132kV_Line1,Kallayanpur_132kV,Lalbagh_132kV,8,Grosbeak
Kallayanpur_132kVtoLalbagh_132kV_Line2,Kallayanpur_132kV,Lalbagh_132kV,8,Grosbeak
Lalbagh_132kVtoKeraniganj_132kV_Line1,Lalbagh_132kV,Keraniganj_132kV,12,Grosbeak
Keraniganj_132kVtoKamrangirchar_132kV_Line1,Keraniganj_132kVt,Kamrangirchar_132kV,3,Grosbeak
Kamrangirchar_132kVtoLalbagh_132kV_Line1,Kamrangirchar_132kV,Lalbagh_132kV,3,Grosbeak
Hasnabad_132kVtoKeraniganj_132kV_Line1,Hasnabad_132kV,Keraniganj_132kV,14,Grosbeak
Hasnabad_132kVtoKeraniganj_132kV_Line2,Hasnabad_132kV,Keraniganj_132kV,14,Grosbeak
Tongi_132kVtoNewTongi_132kV_Line1,Tongi_132kV,NewTongi_132kV,0.5,XLPE 500 sq mm
Tongi_132kVtoNewTongi_132kV_Line2,Tongi_132kV,NewTongi_132kV,0.5,XLPE 500 sq mm
Hasnabad_132kVtoSitalakhya_132kV_Line1,Hasnabad_132kV,Sitalakhya_132kV,13,Grosbeak
Madanganj_132kVtoSitalakhya_132kV_Line1,Madanganj_132kV,Sitalakhya_132kV,4,Grosbeak
Hasnabad_132kVtoFatullah_132kV_Line1,Hasnabad_132kV,Fatullah_132kV,21,Grosbeak
Fatullah_132kVtoShyampur_132kV_Line1,Fatullah_132kV,Shyampur_132kV,4,Grosbeak
Shyampur_132kVtoFatullah_132kV_Line1,Shyampur_132kV,Fatullah_132kV,30,Grosbeak
Fatullah_132kVtoHaripur_132kV_Line1,Fatullah_132kV,Haripur_132kV,5,Grosbeak
Madanganj_132kVtoHaripur_230kV_Line1,Madanganj_132kV,Haripur_230kV,12,Grosbeak
Siddhirganj_132kVtoUllon_132kV_Line1,Siddhirganj_132kV,Ullon_132kV,16,Grosbeak
Siddhirganj_132kVtoUllon_132kV_Line2,Siddhirganj_132kV,Ullon_132kV,16,Grosbeak
Siddhirganj_132kVoMatuail_132kV_Line1,Siddhirganj_132kV,Matuail_132kV,6,Grosbeak
Maniknagar_132kVtoMatuail_132kV_Line1,Maniknagar_132kV,Matuail_132kV,16,Grosbeak
Siddhirganj_132kVtoManiknagar_132kV_Line1,Siddhirganj_132kV,Maniknagar_132kV,10,Grosbeak
Maniknagar_132kVtoNarinda_132kV_Line1,Maniknagar_132kV,Narinda_132kV,5,Cu 240 sq mm
Maniknagar_132kVtoNarinda_132kV_Line2,Maniknagar_132kV,Narinda_132kV,5,Cu 240 sq mm
Ullon_132kVtoDhanmondi_132kV_Line1,Ullon_132kV,Dhanmondi_132kV,5.5,Cu 240 sq mm
Ullon_132kVtoDhanmondi_132kV_Line2,Ullon_132kV,Dhanmondi_132kV,5.5,Cu 240 sq mm
Ullon_132kVtoDhanmondi_132kV_Line1,Ullon_132kV,Dhanmondi_132kV,5.5,XLPE 500 sq mm
Ullon_132kVtoDhanmondi_132kV_Line2,Ullon_132kV,Dhanmondi_132kV,5.5,XLPE 500 sq mm
Tongi_132kVtoKabirpur_132kV_Line1,Tongi_132kV,Kabirpur_132kV,22.5,Grosbeak
Tongi_132kVtoKabirpur_132kV_Line2,Tongi_132kV,Kabirpur_132kV,22.5,Grosbeak
Kabirpur_132kVtoManikganj_132kV_Line1,Kabirpur_132kV,Manikganj_132kV,32,Grosbeak
Kabirpur_132kVtoManikganj_132kV_Line2,Kabirpur_132kV,Manikganj_132kV,32,Grosbeak
Ullon_132kVtoRampura_132kV_Line1,Ullon_132kV,Rampura_132kV,4,XLPE 800 sq mm
Ullon_132kVtoRampura_132kV_Line2,Ullon_132kV,Rampura_132kV,4,XLPE 800 sq mm
Rampura_132kVtoBashundhara_132kV_Line1,Rampura_132kV,Bashundhara_132kV,8,Grosbeak
Rampura_132kVtoBashundhara_132kV_Line2,Rampura_132kV,Bashundhara_132kV,8,Grosbeak
Bashundhara_132kVtoTongi_132kV_Line1,Bashundhara_132kV,Tongi_132kV,11,Grosbeak
Bashundhara_132kVtoTongi_132kV_Line2,Bashundhara_132kV,Tongi_132kV,11,Grosbeak
Rampura_132kVtoMoghbazar_132kV_Line1,Rampura_132kV,Moghbazar_132kV,4.5,Grosbeak
Rampura_132kVtoMoghbazar_132kV_Line2,Rampura_132kV,Moghbazar_132kV,4.5,Grosbeak
Ghorashal_132kVtoPubail_132kV_Line1,Ghorashal_132kV,Pubail_132kV,17.1,Grosbeak
Ghorashal_132kVtoPubail_132kV_Line2,Ghorashal_132kV,Pubail_132kV,17.1,Grosbeak
Pubail_132kVtoJoydebpur_132kV_Line1,Pubail_132kV,Joydebpur_132kV,17.1,Grosbeak
Pubail_132kVtoJoydebpur_132kV_Line2,Pubail_132kV,Joydebpur_132kV,17.1,Grosbeak
Baghabari_132kVtoShahjadpur_132kV_Line1,Baghabari_132kV,Shahjadpur_132kV,6,Grosbeak
Baghabari_132kVtoShahjadpur_132kV_Line2,Baghabari_132kV,Shahjadpur_132kV,6,Grosbeak
Chandpur_132kVtoDeshPP_132kV_Line1,Chandpur_132kV,DeshPP_132kV,1,Grosbeak
Chandpur_132kVtoDeshPP_132kV_Line2,Chandpur_132kV,DeshPP_132kV,1,Grosbeak
DeshPP_132kVtoRamganj_132kV_Line1,DeshPP_132kV,Ramganj_132kV,28,Grosbeak
DeshPP_132kVtoRamganj_132kV_Line2,DeshPP_132kV,Ramganj_132kV,28,Grosbeak
Ramganj_132kVtoChowmuhani_132kV_Line1,Ramganj_132kV,Chowmuhani_132kV,39,Grosbeak
Ramganj_132kVtoChowmuhani_132kV_Line2,Ramganj_132kV,Chowmuhani_132kV,39,Grosbeak
Barapukuria_132kVtoRangpur_132kV_Line1,Barapukuria_132kV,Rangpur_132kV,42,Grosbeak
Barapukuria_132kVtoRangpur_132kV_Line2,Barapukuria_132kV,Rangpur_132kV,42,Grosbeak
Barapukuria_132kVtoSaidpur_132kV_Line1,Barapukuria_132kV,Saidpur_132kV,36,Grosbeak
Barapukuria_132kVtoSaidpur_132kV_Line2,Barapukuria_132kV,Saidpur_132kV,36,Grosbeak
Madaripur_132kVtoGopalganjNorth_132kV_Line1,Madaripur_132kV,GopalganjNorth_132kV,23,Grosbeak
Madaripur_132kVtoGopalganjNorth_132kV_Line2,Madaripur_132kV,GopalganjNorth_132kV,23,Grosbeak
Madaripur_132kVtoGopalganjNorth_132kV_Line3,Madaripur_132kV,GopalganjNorth_132kV,23,Grosbeak
Madaripur_132kVtoGopalganjNorth_132kV_Line4,Madaripur_132kV,GopalganjNorth_132kV,23,Grosbeak
GopalganjNorth_132kVtoGopalganj_132kV_Line1,GopalganjNorth_132kV,Gopalganj_132kV,35,Grosbeak
GopalganjNorth_132kVtoGopalganj_132kV_Line2,GopalganjNorth_132kV,Gopalganj_132kV,35,Grosbeak
GopalganjNorth_132kVtoFaridpur_132kV_Line1,GopalganjNorth_132kV,Faridpur_132kV,20,Grosbeak
GopalganjNorth_132kVtoFaridpur_132kV_Line2,GopalganjNorth_132kV,Faridpur_132kV,20,Grosbeak
Faridpur_132kVtoRajbari_132kV_Line1,Faridpur_132kV,Rajbari_132kV,55,Grosbeak
Faridpur_132kVtoRajbari_132kV_Line2,Faridpur_132kV,Rajbari_132kV,55,Grosbeak
Rajbari_132kVtoBheramara_132kV_Line1,Rajbari_132kV,Bheramara_132kV,98,Grosbeak
Rajbari_132kVtoBheramara_132kV_Line2,Rajbari_132kV,Bheramara_132kV,98,Grosbeak
KhulnaCentral_132kVtoKhulnaSouth_132kV_Line1,KhulnaCentral_132kV,KhulnaSouth_132kV,9,Twin AAAC
KhulnaCentral_132kVtoKhulnaSouth_132kV_Line2,KhulnaCentral_132kV,KhulnaSouth_132kV,9,Twin AAAC
KhulnaSouth_132kVtoSatkhira_132kV_Line1,KhulnaSouth_132kV,Satkhira_132kV,47,Grosbeak
KhulnaSouth_132kVtoSatkhira_132kV_Line2,KhulnaSouth_132kV,Satkhira_132kV,47,Grosbeak
Rajshahi_132kVtoNatore_132kV_Line1,Rajshahi_132kV,Natore_132kV,40,Grosbeak
Rajshahi_132kVtoNatore_132kV_Line2,Rajshahi_132kV,Natore_132kV,40,Grosbeak
Rampura_132kVtoGulshan_132kV_Line1,Rampura_132kV,Gulshan_132kV,3.5,XLPE 800 sq mm
Rampura_132kVtoGulshan_132kV_Line2,Rampura_132kV,Gulshan_132kV,3.5,XLPE 800 sq mm
Sikalbaha_132kVtoBakulia_132kV_Line1,Sikalbaha_132kV,Bakulia_132kV,4,Grosbeak
Sikalbaha_132kVtoBakulia_132kV_Line2,Sikalbaha_132kV,Bakulia_132kV,4,Grosbeak
Juldah_132kVtoShahmirpur_132kV_Line1,Juldah_132kV,Shahmirpur_132kV,6,Grosbeak
Juldah_132kVtoShahmirpur_132kV_Line2,Juldah_132kV,Shahmirpur_132kV,6,Grosbeak
Khulshi_132kVtoBakulia_132kV_Line1,Khulshi_132kV,Bakulia_132kV,15,Grosbeak
Khulshi_132kVtoMSML_132kV_Line1,Khulshi_132kV,MSML_132kV,7.5,Grosbeak
MSML_132kVtoBakulia_132kV_Line1,MSML_132kV,Bakulia_132kV,7.5,Grosbeak
Haripur_132kVtoManiknagar_132kV_Line1,Haripur_132kV,Maniknagar_132kV,13,Grosbeak
Joydebpur_132kVtoKodda_132kV_Line1,Joydebpur_132kV,Kodda_132kV,8,Grosbeak
Joydebpur_132kVtoKodda_132kV_Line2,Joydebpur_132kV,Kodda_132kV,8,Grosbeak
Kodda_132kVtoKabirpur_132kV_Line1,Kodda_132kV,Kabirpur_132kV,10,Grosbeak
Kodda_132kVtoKabirpur_132kV_Line2,Kodda_132kV,Kabirpur_132kV,10,Grosbeak
Sikalbaha_132kVtoShahmirpur_132kV_Line1,Sikalbaha_132kV,Shahmirpur_132kV,9,Grosbeak
Sikalbaha_132kVtoShahmirpur_132kV_Line2,Sikalbaha_132kV,Shahmirpur_132kV,9,Grosbeak
Khulshi_132kVtoHalishahar_132kV_Line1,Khulshi_132kV,Halishahar_132kV,13,Grosbeak
Khulshi_132kVtoHalishahar_132kV_Line2,Khulshi_132kV,Halishahar_132kV,13,Grosbeak
Khulshi_132kVtoRampur_132kV_Line1,Khulshi_132kV,Rampur_132kV,5,Grosbeak
Khulshi_132kVtoRampur_132kV_Line2,Khulshi_132kV,Rampur_132kV,5,Grosbeak
Rampur_132kVtoHalishahar_132kV_Line1,Rampur_132kV,Halishahar_132kV,9,Grosbeak
Rampur_132kVtoHalishahar_132kV_Line2,Rampur_132kV,Halishahar_132kV,9,Grosbeak
BoguraSouth_132kVtoBogura_132kV_Line1,BoguraSouth_132kV,Bogura_132kV,1.5,Twin AAAC
BoguraSouth_132kVtoBogura_132kV_Line2,BoguraSouth_132kV,Bogura_132kV,1.5,Twin AAAC
Ashuganj_132kVtoShahjibazar_132kV_Line1,Ashuganj_132kV,Shahjibazar_132kV,53,Grosbeak
KhulnaSouth_132kVtoGallamari_132kV_Line1,KhulnaSouth_132kV,Gallamari_132kV,4,Grosbeak
KhulnaSouth_132kVtoGallamari_132kV_Line2,KhulnaSouth_132kV,Gallamari_132kV,4,Grosbeak
Naogaon_132kVtoNiamatpur_132kV_Line1,Naogaon_132kV,Niamatpur_132kV,46,Grosbeak
Aminbazar_132kVtoSavar_132kV_Line1,Aminbazar_132kV,Savar_132kV,16,Grosbeak
Aminbazar_132kVtoSavar_132kV_Line2,Aminbazar_132kV,Savar_132kV,16,Grosbeak
Jhenaidah_132kVtoMagura_132kV_Line1,Jhenaidah_132kV,Magura_132kV,26.5,Grosbeak
Jhenaidah_132kVtoMagura_132kV_Line2,Jhenaidah_132kV,Magura_132kV,26.5,Grosbeak
Jhenaidah_132kVtoJhenaidahSouth_132kV_Line1,Jhenaidah_132kV,JhenaidahSouth_132kV,5,Grosbeak
JhenaidahSouth_132kVtoChuadanga_132kV_Line1,JhenaidahSouth_132kV,Chuadanga_132kV,39,Grosbeak
Naogaon_132kVtoJoypurhat_132kV_Line1,Naogaon_132kV,Joypurhat_132kV,46,Grosbeak
Naogaon_132kVtoJoypurhat_132kV_Line2,Naogaon_132kV,Joypurhat_132kV,46,Grosbeak
Thakurgaon_132kVtoPanchagarh_132kV_Line1,Thakurgaon_132kV,Panchagarh_132kV,45,Grosbeak
Thakurgaon_132kVtoPanchagarh_132kV_Line2,Thakurgaon_132kV,Panchagarh_132kV,45,Grosbeak
Sonargaon_132kVtoMeghnaghatRentalPP_132kV_Line1,Sonargaon_132kV,MeghnaghatRentalPP_132kV,5,Grosbeak
Sonargaon_132kVtoMeghnaghatRentalPP_132kV_Line2,Sonargaon_132kV,MeghnaghatRentalPP_132kV,5,Grosbeak
Siddhirganj_132kVtoSiddhirganjDutchBanglaPP_132kV_Line1,Siddhirganj_132kV,SiddhirganjDutchBanglaPP_132kV,2,Grosbeak
Goalpara_132kVtoKhulnaCentral_132kV_Line1,Goalpara_132kV,KhulnaCentral_132kV,2,Grosbeak
Goalpara_132kVtoKhulnaCentral_132kV_Line2,Goalpara_132kV,KhulnaCentral_132kV,2,Grosbeak
Noapara_132kVtoNoaparaPP_132kV_Line1,Noapara_132kV,NoaparaPP_132kV,2,Grosbeak
Daudkandi_132kVtoDaudkandiPP_132kV_Line1,Daudkandi_132kV,DaudkandiPP_132kV,1,Grosbeak
Gopalganj_132kVtoGopalganjPP_132kV_Line1,Gopalganj_132kV,GopalganjPP_132kV,1,Grosbeak
Siddhirganj_132kVtoSiddhirganjDeshEnergyPP_132kV_Line1,Siddhirganj_132kV,SiddhirganjDeshEnergyPP_132kV,3,Grosbeak
Faridpur_132kVtoFaridpurPP_132kV_Line1,Faridpur_132kV,FaridpurPP_132kV,1,Grosbeak
Baghabari_132kVtoSathia_132kV_Line1,Baghabari_132kV,Sathia_132kV,11,Grosbeak
Sathia_132kVtoBeraPP_132kV_Line1,Sathia_132kV,BeraPP_132kV,5,Grosbeak
BeraPP_132kVtoIshwardi_132kV_Line1,BeraPP_132kV,Ishwardi_132kV,67,Grosbeak
RajshahiNorth_132kVtoChapaiNawabganj_132kV_Line1,RajshahiNorth_132kV,ChapaiNawabganj_132kV,45,Grosbeak
RajshahiNorth_132kVtoAmnura_132kV_Line1,RajshahiNorth_132kV,Amnura_132kV,30,Grosbeak
Amnura_132kVtoChapaiNawabganj_132kV_Line1,Amnura_132kV,ChapaiNawabganj_132kV,13,Grosbeak
Madanganj_132kVtoMunshiganj_132kV_Line1,Madanganj_132kV,Munshiganj_132kV,4,Grosbeak
Madanganj_132kVtoMunshiganj_132kV_Line2,Madanganj_132kV,Munshiganj_132kV,4,Grosbeak
Agargaon_132kVtoCantonment_132kV_Line1,Agargaon_132kV,Cantonment_132kV,7,XLPE 800 sq mm
Agargaon_132kVtoCantonment_132kV_Line2,Agargaon_132kV,Cantonment_132kV,7,XLPE 800 sq mm
Fenchuganj_132kVtoKulaura_132kV_Line1,Fenchuganj_132kV,Kulaura_132kV,25,Grosbeak
Fenchuganj_132kVtoKulaura_132kV_Line2,Fenchuganj_132kV,Kulaura_132kV,25,Grosbeak
Jamalpur_132kVtoUnitedPP_132kV_Line1,Jamalpur_132kV,UnitedPP_132kV,5,Grosbeak
Jamalpur_132kVtoUnitedPP_132kV_Line2,Jamalpur_132kV,UnitedPP_132kV,5,Grosbeak
UnitedPP_132kVtoSherpur_132kV_Line1,UnitedPP_132kV,Sherpur_132kV,15,Grosbeak
UnitedPP_132kVtoSherpur_132kV_Line2,UnitedPP_132kV,Sherpur_132kV,15,Grosbeak
Agargaon_132kVtoSatmasjid_132kV_Line1,Agargaon_132kV,Satmasjid_132kV,8.5,XLPE 800 sq mm
Agargaon_132kVtoSatmasjid_132kV_Line2,Agargaon_132kV,Satmasjid_132kV,8.5,XLPE 800 sq mm
Rampura_132kVtoMadartek_132kV_Line1,Rampura_132kV,Madartek_132kV,4.5,XLPE 500 sq mm
Rampura_132kVtoMadartek_132kV_Line2,Rampura_132kV,Madartek_132kV,4.5,XLPE 500 sq mm
CumillaNorth_132kVtoCumillaSouth_132kV_Line1,CumillaNorth_132kV,CumillaSouth_132kV,19,Grosbeak
CumillaNorth_132kVtoCumillaSouth_132kV_Line2,CumillaNorth_132kV,CumillaSouth_132kV,19,Grosbeak
CumillaNorth_132kVtoCumillaSouth_132kV_Line3,CumillaNorth_132kV,CumillaSouth_132kV,19,Grosbeak
Goalpara_132kVtoBagerhat_132kV_Line1,Goalpara_132kV,Bagerhat_132kV,45,Grosbeak
Goalpara_132kVtoLabancharaPP_132kV_Line1,Goalpara_132kV,LabancharaPP_132kV,22.5,Grosbeak
LabancharaPP_132kVtotoBagerhat_132kV_Line1,LabancharaPP_132kV,Bagerhat_132kV,22.5,Grosbeak
Kabirpur_132kVtoKaliakoir_132kV_Line1,Kabirpur_132kV,Kaliakoir_132kV,12,Grosbeak
Kabirpur_132kVtoKaliakoir_132kV_Line2,Kabirpur_132kV,Kaliakoir_132kV,12,Grosbeak
Kaliakoir_132kVtoMirzapur_132kV_Line1,Kaliakoir_230kV,Mirzapur_132kV,13,Grosbeak
Kaliakoir_132kVtoMirzapur_132kV_Line2,Kaliakoir_230kV,Mirzapur_132kV,13,Grosbeak
Mirzapur_132kVtoTangail_132kV_Line1,Mirzapur_132kV,Tangail_132kV,93.5,Grosbeak
Mirzapur_132kVtoTangail_132kV_Line2,Mirzapur_132kV,Tangail_132kV,93.5,Grosbeak
Tangail_132kVtoGhatail_132kV_Line1,Tangail_132kV,Ghatail_132kV,33,Grosbeak
Tangail_132kVtoGhatail_132kV_Line2,Tangail_132kV,Ghatail_132kV,33,Grosbeak
Ghatail_132kVtoMukhtagacha_132kV_Line1,Ghatail_132kV,Mukhtagacha_132kV,42,Grosbeak
Ghatail_132kVtoMukhtagacha_132kV_Line2,Ghatail_132kV,Mukhtagacha_132kV,42,Grosbeak
Mukhtagacha_132kVtoRPCLPP_132kV_Line1,Mukhtagacha_132kV,RPCLPP_132kV,12,Grosbeak
Mukhtagacha_132kVtoRPCLPP_132kV_Line2,Mukhtagacha_132kV,RPCLPP_132kV,12,Grosbeak
RPCLPP_132kVtoMymensingh_132kV_Line1,RPCLPP_132kV,Mymensingh_132kV,4,Grosbeak
RPCLPP_132kVtoMymensingh_132kV_Line2,RPCLPP_132kV,Mymensingh_132kV,4,Grosbeak
Amnura_132kVtoChapaiNawabganj_132kV_Line1,Amnura_132kV,ChapaiNawabganj_132kV,13,Grosbeak
Kaliakoir_132kVtoDhamrai_132kV_Line1,Kaliakoir_132kV,Dhamrai_132kV,22.5,Grosbeak
Kaliakoir_132kVoDhamrai_132kV_Line2,Kaliakoir_132kV,Dhamrai_132kV,22.5,Grosbeak
Rangamati_132kVtoKhagrachari_132kV_Line1,Rangamati_132kV,Khagrachari_132kV,52.5,Grosbeak
Rangamati_132kVtoKhagrachari_132kV_Line2,Rangamati_132kV,Khagrachari_132kV,52.5,Grosbeak
Chandraghona_132kVtoRangamati_132kV_Line1,Chandraghona_132kV,Rangamati_132kV,27.5,Grosbeak
Chandraghona_132kVtoRangamati_132kV_Line2,Chandraghona_132kV,Rangamati_132kV,27.5,Grosbeak
Chhatak_132kVtoSunamganj_132kV_Line1,Chhatak_132kV,Sunamganj_132kV,32,Grosbeak
Chhatak_132kVtoSunamganj_132kV_Line2,Chhatak_132kV,Sunamganj_132kV,32,Grosbeak
Beanibazar_132kVtoSylhetSouth_132kV_Line1,Beanibazar_132kV,SylhetSouth_132kV,30,Grosbeak
Beanibazar_132kVtoSylhetSouth_132kV_Line2,Beanibazar_132kV,SylhetSouth_132kV,30,Grosbeak
Mirpur_132kVtoUttara3P_132kV_Line1,Mirpur_132kV,Uttara3P_132kV,5,Grosbeak
Uttara 3P_132kVtoTongi_132kV_Line1,Uttara 3P_132kV,Tongi_132kV,2,Grosbeak
MatarbariTConnection_132kVtoMatarbari_132kV_Line1,MatarbariTConnection_132kV,Matarbari_132kV,18,Grosbeak
Feni_132kVtoBaroirhat_132kV_Line1,Feni_132kV,Baroirhat_132kV,28.5,Grosbeak
Feni_132kVtoPHP_132kV_Line1,Feni_132kV,PHP_132kV,17,Grosbeak
PHP_132kVtoBaroirhat_132kV_Line1,PHP_132kV,Baroirhat_132kV,11.5,Grosbeak
Brahmanbaria_132kVtoNarsingdi_132kV_Line1,Brahmanbaria_132kV,Narsingdi_132kV,55,Grosbeak
Brahmanbaria_132kVtoNarsingdi_132kV_Line2,Brahmanbaria_132kV,Narsingdi_132kV,55,Grosbeak
Saidpur_132kVtoJaldhaka_132kV_Line1,Saidpur_132kV,Jaldhaka_132kV,30,Grosbeak
Saidpur_132kVtoJaldhaka_132kV_Line2,Saidpur_132kV,Jaldhaka_132kV,30,Grosbeak
Rooppur_132kVtoIshwardi_132kV_Line1,Rooppur_132kV,Ishwardi_132kV,7,Grosbeak
Rooppur_132kVtoIshwardi_132kV_Line2,Rooppur_132kV,Ishwardi_132kV,7,Grosbeak
Mymensingh_132kVtoBhaluka_132kV_Line1,Mymensingh_132kV,Bhaluka_132kV,43,Grosbeak
Mymensingh_132kVtoBhaluka_132kV_Line2,Mymensingh_132kV,Bhaluka_132kV,43,Grosbeak
MadhumatiPP_132kVtoGopalganj_132kV_Line1,MadhumatiPP_132kV,Gopalganj_132kV,15,Grosbeak
Jashore_132kVtoBenapole_132kV_Line1,Jashore_132kV,Benapole_132kV,30.5,Grosbeak
Jashore_132kVtoBenapole_132kV_Line2,Jashore_132kV,Benapole_132kV,30.5,Grosbeak
Madaripur_132kVtoShariatpur_132kV_Line1,Madaripur_132kV,Shariatpur_132kV,22,Grosbeak
Madaripur_132kVtoShariatpur_132kV_Line2,Madaripur_132kV,Shariatpur_132kV,22,Grosbeak
Rangpur_132kVtoKurigram_132kV_Line1,Rangpur_132kV,Kurigram_132kV,41,Grosbeak
Magura_132kVtoNarail_132kV_Line1,Magura_132kV,Narail_132kV,39.5,Grosbeak
Magura_132kVtoNarail_132kV_Line2,Magura_132kV,Narail_132kV,39.5,Grosbeak
BoguraSouth_132kVtoSherpur(B)_132kV_Line1,BoguraSouth_132kV,Sherpur(B)_132kV,24,Grosbeak
BoguraSouth_132kVtoSherpur(B)_132kV_Line2,BoguraSouth_132kV,Sherpur(B)_132kV,24,Grosbeak
Sherpur(B)_132kVtoSirajganj_132kV_Line1,Sherpur(B)_132kV,Sirajganj_132kV,33,Grosbeak
Sherpur(B)_132kVtoSirajganj_132kV_Line2,Sherpur(B)_132kV,Sirajganj_132kV,33,Grosbeak
Rampura_132kVtoAftabnagar_132kV_Line1,Rampura_132kV,Aftabnagar_132kV,3.5,XLPE 800 sq mm
Rampura_132kVtoAftabnagar_132kV_Line2,Rampura_132kV,Aftabnagar_132kV,3.5,XLPE 800 sq mm
CumillaSouth_132kVtoChauddagram_132kV_Line1,CumillaSouth_132kV,Chauddagram_132kV,29,Grosbeak
CumillaSouth_132kVtoChauddagram_132kV_Line2,CumillaSouth_132kV,Chauddagram_132kV,29,Grosbeak
Chauddagram_132kVtoFeniNorth_132kV_Line1,Chauddagram_132kV,FeniNorth_132kV,25,Grosbeak
Chauddagram_132kVtoFeniNorth_132kV_Line2,Chauddagram_132kV,FeniNorth_132kV,25,Grosbeak
FeniNorth_132kVtoFeni_132kV_Line1,FeniNorth_132kV,Feni_132kV,4,Grosbeak
FeniNorth_132kVtoFeni_132kV_Line2,FeniNorth_132kV,Feni_132kV,4,Grosbeak
Kodda_132kVtoRajendrapur_132kV_Line1,Kodda_132kV,Rajendrapur_132kV,24.5,Grosbeak
Kodda_132kVtoRajendrapur_132kV_Line2,Kodda_132kV,Rajendrapur_132kV,24.5,Grosbeak
Rampur_132kVtoAgrabad_132kV_Line1,Rampur_132kV,Agrabad_132kV,4.5,XLPE 800 sq mm
Rampur_132kVtoAgrabad_132kV_Line2,Rampur_132kV,Agrabad_132kV,4.5,XLPE 800 sq mm
Keraniganj_132kVtoSrinagar_132kV_Line1,Keraniganj_132kV,Srinagar_132kV,16,Grosbeak
Keraniganj_132kVtoSrinagar_132kV_Line2,Keraniganj_132kV,Srinagar_132kV,16,Grosbeak
Keraniganj_132kVtoNawabganj_132kV_Line1,Keraniganj_132kV,Nawabganj_132kV,27,Grosbeak
Keraniganj_132kVtoNawabganj_132kV_Line2,Keraniganj_132kV,Nawabganj_132kV,27,Grosbeak
Fatullah_132kVtoShyampur_132kV_Line1,Fatullah_132kV,Shyampur_132kV,2,Grosbeak
Fatullah_132kVtoShyampur_132kV_Line2,Fatullah_132kV,Shyampur_132kV,2,Grosbeak
DhakaUniversity_132kVtoDhanmondi_132kV_Line1,DhakaUniversity_132kV,Dhanmondi_132kV,2,XLPE 500 sq mm
DhakaUniversity_132kVtoDhanmondi_132kV_Line2,DhakaUniversity_132kV,Dhanmondi_132kV,2,Grosbeak
Bagerhat_132kVtoMongla_132kV_Line1,Bagerhat_132kV,Mongla_132kV,28.5,Grosbeak
Bagerhat_132kVtoMongla_132kV_Line2,Bagerhat_132kV,Mongla_132kV,28.5,Grosbeak
Baghabari_132kVtoBhangura_132kV_Line1,Baghabari_132kV,Bhangura_132kV,25,Grosbeak
Baghabari_132kVtoBhangura_132kV_Line2,Baghabari_132kV,Bhangura_132kV,25,Grosbeak
Bakerganj_132kVtoBarguna_132kV_Line1,Bakerganj_132kV,Barguna_132kV,50,Grosbeak
Gallamari_132kVtoGopalganj_132kV_Line1,Gallamari_132kV,Gopalganj_132kV,52,Grosbeak
Gallamari_132kVtoGopalganj_132kV_Line2,Gallamari_132kV,Gopalganj_132kV,52,Grosbeak
Gopalganj_132kVtoMadaripur_132kV_Line1,Gopalganj_132kV,Madaripur_132kV,45,Grosbeak
Maniknagar_132kVtoKazla_132kV_Line1,Maniknagar_132kV,Kazla_132kV,2.5,XLPE 800 sq mm
Maniknagar_132kVtoKazla_132kV_Line2,Maniknagar_132kV,Kazla_132kV,2.5,XLPE 800 sq mm
Purbachal_132kVtoBashundhara_132kV_Line1,Purbachal_132kV,Bashundhara_132kV,4.5,XLPE 800 sq mm
Purbachal_132kVtoBashundhara_132kV_Line2,Purbachal_132kV,Bashundhara_132kV,4.5,XLPE 800 sq mm
Banani_132kVtoBashundhara_132kV_Line1,Banani_132kV,Bashundhara_132kV,13.5,XLPE 800 sq mm
Banani_132kVtoBashundhara_132kV_Line2,Banani_132kV,Bashundhara_132kV,13.5,XLPE 800 sq mm
Rajbari_132kVtoBheramara_132kV_Line3,Rajbari_132kV,Bheramara_132kV,1.25,Grosbeak
Rajbari_132kVtoBheramara_132kV_Line4,Rajbari_132kV,Bheramara_132kV,1.25,Grosbeak
Tongi_132kVtoTongi-3(Mill Gate)_132kV_Line1,Tongi_132kV,Tongi-3(Mill Gate)_132kV,2.5,XLPE 800 sq mm
Tongi_132kVtoTongi-3(Mill Gate)_132kV_Line2,Tongi_132kV,Tongi-3(Mill Gate)_132kV,2.5,XLPE 800 sq mm
Jhenaidah_132kVtoJhenaidahSouth_132kV_Line2,Jhenaidah_132kV,JhenaidahSouth_132kV,5,Grosbeak
Jhenaidah_132kVtoJhenaidahSouth_132kV_Line3,Jhenaidah_132kV,JhenaidahSouth_132kV,5,Grosbeak
JhenaidahSouth_132kVtoJashore_132kV_Line1,JhenaidahSouth_132kV,Jashore_132kV,43,Grosbeak
JhenaidahSouth_132kVtoJashore_132kV_Line2,JhenaidahSouth_132kV,Jashore_132kV,43,Grosbeak
Maniknagar_132kVtoMotijheel_132kV_Line1,Maniknagar_132kV,Motijheel_132kV,2,XLPE 800 sq mm
Maniknagar_132kVtoMotijheel_132kV_Line2,Maniknagar_132kV,Motijheel_132kV,2,XLPE 800 sq mm
Motijheel_132kVtoBangabhaban_132kV_Line1,Motijheel_132kV,Bangabhaban_132kV,0.5,XLPE 800 sq mm
Motijheel_132kVtoBangabhaban_132kV_Line2,Motijheel_132kV,Bangabhaban_132kV,0.5,XLPE 800 sq mm
Madanganj_132kVtoCharSaidpur_132kV_Line1,Madanganj_132kV,CharSaidpur_132kV,3,XLPE 800 sq mm
Madanganj_132kVtoCharSaidpur_132kV_Line2,Madanganj_132kV,CharSaidpur_132kV,3,XLPE 800 sq mm
Kamrangirchar_132kVtoZigatola_132kV_Line1,Kamrangirchar_132kV,Zigatola_132kV,7,XLPE 800 sq mm
Kamrangirchar_132kVtoZigatola_132kV_Line2,Kamrangirchar_132kV,Zigatola_132kV,7,XLPE 800 sq mm
Energon_132kVtoMongla_132kV_Line1,Energon_132kV,Mongla_132kV,9,Grosbeak
Hasnabad_132kVtoPostagola_132kV_Line1,Hasnabad_132kV,Postagola_132kV,2,XLPE 800 sq mm
Hasnabad_132kVtoPostagola_132kV_Line2,Hasnabad_132kV,Postagola_132kV,2,XLPE 800 sq mm
Banani_132kVtoPurbachal_132kV_Line1,Banani_132kV,Purbachal_132kV,5.5,XLPE 800 sq mm
Banani_132kVtoPurbachal_132kV_Line2,Banani_132kV,Purbachal_132kV,5.5,XLPE 800 sq mm
ChapaiNawabganj_132kVtoRahanpur_132kV_Line1,ChapaiNawabganj_132kV,Rahanpur_132kV,25.9,Grosbeak
ChapaiNawabganj_132kVtoRahanpur_132kV_Line2,ChapaiNawabganj_132kV,Rahanpur_132kV,25.9,Grosbeak
Madunaghat_132kVtoKalurghat_132kV_Line1,Madunaghat_132kV,Kalurghat_132kV,7,XLPE 800 sq mm
Madunaghat_132kVtoKalurghat_132kV_Line2,Madunaghat_132kV,Kalurghat_132kV,7,XLPE 800 sq mm
Rampura_132kVtoDhakaUniversity_132kV_Line1,Rampura_132kV,DhakaUniversity_132kV,7.5,XLPE 800 sq mm
Rampura_132kVtoDhakaUniversity_132kV_Line2,Rampura_132kV,DhakaUniversity_132kV,7.5,XLPE 800 sq mm
Sripur_132kVtoBhaluka_132kV_Line1,Sripur_132kV,Bhaluka_132kV,22.5,Grosbeak
Sripur_132kVtoBhaluka_132kV_Line2,Sripur_132kV,Bhaluka_132kV,22.5,Grosbeak
Ullapara_132kVtoSirajganj_132kV_Line1,Ullapara_132kV,Sirajganj_132kV,25,Grosbeak
Ullapara_132kVtoSirajganj_132kV_Line2,Ullapara_132kV,Sirajganj_132kV,25,Grosbeak
Bhaluka_132kVtoBarmiPP_132kV_Line1,Bhaluka_132kV,BarmiPP_132kV,32.5,Grosbeak
Bhaluka_132kVtoBarmiPP_132kV_Line2,Bhaluka_132kV,BarmiPP_132kV,32.5,Grosbeak
Niamatpur_132kVtoRahanpur_132kV_Line1,Niamatpur_132kV,Rahanpur_132kV,30,Grosbeak
Niamatpur_132kVtoRahanpur_132kV_Line2,Niamatpur_132kV,Rahanpur_132kV,30,Grosbeak
Naogaon_132kVtoJoypurhat_132kV_Line1,Naogaon_132kV,Joypurhat_132kV,47,Grosbeak
Naogaon_132kVtoJoypurhat_132kV_Line2,Naogaon_132kV,Joypurhat_132kV,47,Grosbeak
Cox'sBazar_132kVtoUSDKWindFarm_132kV_Line1,Cox's Bazar_132kV,USDKWindFarm_132kV,11,Grosbeak
BarishalNorth_132kVtoBhandaria_132kV_Line1,BarishalNorth_132kV,Bhandaria_132kV,46.5,Grosbeak
BarishalNorth_132kVtoBhandaria_132kV_Line2,BarishalNorth_132kV,Bhandaria_132kV,46.5,Grosbeak
Sirajganj68MWSolar_132kVtoSirajganj_132kV_Line1,Sirajganj68MWSolar_132kV,Sirajganj_132kV,10,Grosbeak
Sirajganj68MWSolar_132kVtoSirajganj_132kV_Line2,Sirajganj68MWSolar_132kV,Sirajganj_132kV,10,Grosbeak
Rahanpur_132kVtoChowdala_132kV_Line1,Rahanpur_132kV,Chowdala_132kV,9,Grosbeak
Rahanpur_132kVtoChowdala_132kV_Line2,Rahanpur_132kV,Chowdala_132kV,9,Grosbeak
Muradnagar_132kVtoKosba_132kV_Line1,Muradnagar_132kV,Kosba_132kV,24,Grosbeak
Muradnagar_132kVtoKosba_132kV_Line2,Muradnagar_132kV,Kosba_132kV,24,Grosbeak
Jhenaidah_132kVtoChuadanga_132kV_Line1,Jhenaidah_132kV,Chuadanga_132kV,39,Grosbeak
Kurigram_132kVtoLalmonirhat_132kV_Line1,Kurigram_132kV,Lalmonirhat_132kV,31,Grosbeak
CumillaNorth_132kVtoChandina_132kV_Line1,CumillaNorth_132kV,Chandina_132kV,16,Grosbeak
CumillaNorth_132kVtoChandina_132kV_Line2,CumillaNorth_132kV,Chandina_132kV,16,Grosbeak
Rajendrapur_132kVtoSripur_132kV_Line1,Rajendrapur_132kV,Sripur_132kV,20.5,Grosbeak
Rajendrapur_132kVtoSripur_132kV_Line2,Rajendrapur_132kV,Sripur_132kV,20.5,Grosbeak
Araihazar_132kVtoBhulta_132kV_Line1,Araihazar_132kV,Bhulta_132kV,8,Grosbeak
Araihazar_132kVtoBhulta_132kV_Line2,Araihazar_132kV,Bhulta_132kV,8,Grosbeak
DynamicSunSolarPP_132kVtoIshwardi_132kV_Line1,DynamicSunSolarPP_132kV,Ishwardi_132kV,22,Grosbeak
DynamicSunSolarPP_132kVtoIshwardi_132kV_Line2,DynamicSunSolarPP_132kV,Ishwardi_132kV,22,Grosbeak
Kachua_132kVtoLaksham_132kV_Line1,Kachua_132kV,Laksham_132kV,32,Grosbeak
Kachua_132kVtoLaksham_132kV_Line2,Kachua_132kV,Laksham_132kV,32,Grosbeak
Chowmuhani_132kVtoLakshmipur_132kV_Line1,Chowmuhani_132kV,Lakshmipur_132kV,27,Grosbeak
Chowmuhani_132kVtoLakshmipur_132kV_Line2,Chowmuhani_132kV,Lakshmipur_132kV,27,Grosbeak
Sripur_132kVtoKodda_132kV_Line1,Sripur_132kV,Kodda_132kV,9,Grosbeak
Sripur_132kVtoKodda_132kV_Line2,Sripur_132kV,Kodda_132kV,9,Grosbeak
Kaliganj_132kVtoMaheshpur_132kV_Line1,Kaliganj_132kV,Maheshpur_132kV,26,Grosbeak
Kaliganj_132kVtoMaheshpur_132kV_Line2,Kaliganj_132kV,Maheshpur_132kV,26,Grosbeak
Sathia_132kVtoPabna64MWSolarPP_132kV_Line1,Sathia_132kV,Pabna64MWSolarPP_132kV,34.5,Grosbeak
Sathia_132kVtoPabna64MWSolarPP_132kV_Line2,Sathia_132kV,Pabna64MWSolarPP_132kV,34.5,Grosbeak